incident_id,predicted_killer,p_killer_1,p_killer_2,p_killer_3,p_killer_4,p_killer_5,p_killer_6,p_killer_7,p_killer_8
0,5,0.31086432197928654,0.02310130341585593,0.10108009941077784,8.083262580570725e-05,0.528637797765282,1.4185998617101655e-05,0.0016744892625416069,0.034546969541833235
1,7,1.657180103510637e-07,5.468949988711619e-06,0.0003586346476948714,0.0008802663336553126,0.0007599043705818968,7.957882055984033e-09,0.9979230082819402,7.254374024667018e-05
6,3,0.0006300745551935172,0.0005100299276382797,0.9046156932186094,0.013085759331869817,0.05516055491705778,3.508252152598029e-08,0.005866084627258044,0.020131768339851502
7,4,7.38217637089231e-06,4.969748215600665e-05,0.0023963211931049906,0.6987241591809616,0.002787985134142806,2.1065250679388306e-08,0.29383360551687393,0.0022008282511391075
17,6,0.028981378247620215,0.001642693620404128,0.00015744774946858592,1.9562011312459512e-06,0.0006863091337753603,0.9683462177573726,8.50377858304481e-05,9.895950439738486e-05
20,3,0.007536171283603091,0.0008370517899116834,0.9464494434364916,0.0013308872572817244,0.027528228479778562,3.135990568402132e-08,0.0002462621425150787,0.016071924250512414
21,4,5.740926263474476e-06,0.00020133822793020877,0.0109062991562924,0.909464532907765,0.0029313660615943,1.525701249109881e-09,0.06935657971056096,0.007134141483892426
23,3,4.3721591743316663e-05,0.0005961829225730941,0.8069860517670917,0.07291348750441136,0.08430545749583525,1.5543703720564685e-09,0.02796126839148755,0.007193828772487396
26,7,0.0012187781853370456,0.008232402581924316,0.07806997061500988,0.004656555552568122,0.03147654012594105,3.5704355048409303e-06,0.8756905672045013,0.0006516152992134924
27,7,3.4156774898540345e-07,7.757615862193171e-06,0.001281923714192512,0.0006206364120358466,0.000719955219488956,4.139424116228421e-08,0.9973120170493385,5.732702709196182e-05
28,3,2.1992015535622263e-05,0.00031316224481831023,0.863832173858887,0.07794403392081935,0.025209594150047667,5.842885152895648e-10,0.01891458030192224,0.013764462923681291
33,3,0.0004266909712511111,0.00022715847689005453,0.6904633675726267,0.011732401660446139,0.24837349694502434,1.8356272653611716e-09,0.0031042545610494424,0.04567262797708497
36,3,0.017534856795875454,0.0009202160901282861,0.7491837395200907,0.0009158910060748561,0.2047669488360805,1.4887118162929038e-08,0.0002747941857102199,0.026403538678921822
44,3,0.0003923767710907782,0.0020788582098255296,0.49655842487517393,0.45493537923014526,0.01666821713662668,2.2358531759077985e-09,0.0066369612699808955,0.022729780271303634
45,3,1.30347472581036e-05,0.00023698146578541443,0.6895484171493657,0.03728568159322885,0.039622773928957605,1.2227876637374028e-08,0.223695662418764,0.009597436468763853
48,3,0.00198374686755565,0.0005058137811289179,0.9743098532200714,0.0014612350877834105,0.014138080034447371,1.2091573757901e-08,0.00039330303508056813,0.007207955882358832
51,3,0.00026191059387272657,0.00011931144484401541,0.9204863257386214,0.00846208444280908,0.04836464505104624,2.854631944207838e-09,0.001075759626622461,0.02122996024755225
54,3,0.0003077471416138521,0.00022918771381029277,0.9375289966653585,0.008134576988666002,0.03387044300389233,1.1606070241556023e-09,0.0009868940588153338,0.01894215326723648
56,3,0.00030430343778330236,0.00039271965011887164,0.9551300321910552,0.0022315388062231906,0.023220304212019954,1.0976800552964781e-07,0.01691111126543479,0.0018098806693590084
60,7,1.4262601440170985e-06,4.791185133321326e-05,0.007438966405475877,0.04247558222221385,0.007826523274804756,5.450892530060427e-09,0.9403770479462952,0.0018325365888408622
61,3,0.0004947001959476748,0.0024235451202444555,0.4558094710462702,0.08545381493989081,0.07260149847741483,4.484981632490006e-07,0.359556659319707,0.02365986240236174
62,7,2.229508431858961e-07,6.073105561366391e-06,0.0003754348364630722,0.04740296953927868,0.00035278019435567627,3.767839144304067e-09,0.9516726400993313,0.00018987550632755589
64,6,0.0007959145820545114,0.001502409756931001,0.00021313515498754614,1.5128374310816996e-06,4.0244038835916704e-05,0.9973070890605721,9.102574207616552e-05,4.8668827111721035e-05
67,6,0.0010248121184004608,0.033340009425251185,0.004330732781026844,4.36074903421574e-05,0.00011597598270287949,0.9571589749161371,0.0037346805893006606,0.00025120669683874
69,2,0.00023440387857734634,0.9472321139220428,0.0008324920443370179,0.002641882438864506,0.0013022323391435543,0.001101937386159221,0.04610393373318839,0.000551004257687459
77,7,2.2919356486957823e-06,7.292621138808362e-05,0.005406422490059765,0.3358535077268282,0.004507172889385394,7.010757486660292e-09,0.6498226096933244,0.004335062042608214
80,3,0.00537283215832689,0.001324791409125252,0.9454260081401267,0.0008879366062362421,0.03260824200083888,5.009542845702513e-08,0.0008291323975296945,0.013551007192387925
94,6,0.007423503547640636,0.0066782183261807045,0.000910072483655566,6.6792163796951665e-06,0.00028415875026545085,0.9838776275283493,0.0006601023466378992,0.0001596378008906816
99,3,0.001733475944456686,0.000755735492167686,0.9179446474778862,0.010929831985278995,0.040086111818970614,5.503746390496577e-10,0.00036123108094480283,0.028188965649920263
102,2,4.153660517624439e-05,0.9484380443240302,0.0001735241776102125,0.005596941850715442,0.0010012097351850698,0.00013625336450984497,0.04457835703462726,3.413290814576174e-05
106,2,0.03645132682619302,0.602927151976509,0.1721605332984252,0.008583821928290864,0.03269463683604119,0.0012040213549111346,0.1371980204802631,0.008780487299366316
108,3,0.0015670338769412317,0.0004414524626617673,0.9474857021176004,0.0010005397579617107,0.03707067542087256,7.137823537049585e-09,0.0004887303121425764,0.011945858913996145
109,6,0.04835411176767552,0.006992763790860971,0.0009474366763486904,5.875035567855231e-06,0.0007787691002543307,0.9420383281033138,0.0006092895023140774,0.0002734260236647343
113,3,0.0008024892622698023,0.00030027273112632764,0.749133720357275,0.009745163814652598,0.11869209155992402,8.074038439446749e-11,0.00018160299306817104,0.12114465920094358
120,3,0.0003585585118537525,0.00028967115657748614,0.9455190769512771,0.005183674490960743,0.03755467874825281,1.3952204406930474e-08,0.004002221486250415,0.007092104702623274
122,6,0.11298042857567413,0.027258030490154055,0.002140305780852435,2.4327741001919654e-05,0.004345578592092164,0.8504675866751256,0.002115948490706178,0.0006677936543937306
126,3,0.13619962936969288,0.00414609363320134,0.5560163103753534,0.00043577411549434867,0.20393042595156471,1.2922218803096886e-07,0.00010762198036948498,0.0991640153521358
127,3,0.04881249483604663,0.004416095589438752,0.7356990319449367,0.0004305916655965939,0.11573527355324498,2.89719494497975e-08,0.00014383858495758416,0.09476264485382932
128,6,0.005795645132525486,0.0012083321865316496,0.00016143817037032646,1.3089231045870252e-06,0.00011858079378563884,0.9925890777729001,6.206053584459072e-05,6.355648493781251e-05
132,2,0.015447846485164713,0.9348950697392623,0.0033770208970050988,0.0009074171537595997,0.013032981363817475,0.009697188868060197,0.019611780160852514,0.003030695332078248
135,7,6.521986990104554e-06,0.00011104763270908908,0.02832751903679609,0.33047364724487854,0.03728614461200156,2.5593885458540754e-08,0.5976547099893553,0.006140383903383792
139,6,0.33040304291783035,0.2511889580571681,0.007944559560322343,0.0002565842863813901,0.015619277487734612,0.3715663616134985,0.01982267619519386,0.003198539881870784
141,3,0.000356853440612265,0.000301059385801396,0.8440469867320294,0.014849504688582935,0.07916742103134297,2.0085795573307463e-10,0.0007399254602909905,0.060538249060482115
147,3,0.0010621943112933308,0.0002673332861280447,0.969482966020664,0.0007546934148284496,0.023216713001083612,6.289597639534761e-08,0.0013323829255311173,0.0038836541444951383
148,3,0.001686714943492055,0.0003448531352524809,0.9361748113633245,0.0014293173904672731,0.05299743279228538,9.788578576941836e-08,0.0028053989846177204,0.004561373504774969
151,7,3.771834171001521e-05,0.0007578507326889483,0.12152827171386556,0.036008566542191395,0.02509057280185581,1.6831764523804684e-08,0.8118952351120858,0.00468176792383807
154,6,0.194058485310144,0.08046701388892559,0.0063011778697779405,4.2741431776771925e-05,0.017423238684332987,0.6931407216061555,0.006024972129194163,0.002541649079693019
156,3,0.0003394928485249611,0.000548928923087696,0.9505953684416779,0.004768973598329843,0.016659504946260634,1.3414649026404817e-07,0.025006013215104265,0.0020815838805244413
165,4,9.461335240192494e-06,8.419986852031244e-05,0.007786064568036567,0.8478632816027336,0.005320414985883328,1.3811941967540938e-08,0.133714611557509,0.005221952270134835
166,3,0.015274369261012558,0.008724762061808465,0.7653524029085333,0.0028946218847139054,0.1795309178644509,1.0515482043106512e-06,0.015168420965730272,0.013053453505546401
171,3,0.001002362830044397,0.0016131827695916978,0.9271697263184973,0.00393129462910557,0.01036991692593532,1.6794011063872969e-06,0.054383909267491835,0.0015279278582276802
177,3,0.0022322949996523437,0.00023596009470847588,0.6180931110830534,0.005642774930323113,0.23925233116130348,8.890461976039256e-10,0.00023927295698684237,0.1343042538849262
180,3,0.00012815173006509807,0.00031912666206934844,0.9624333308273639,0.0053824248220031515,0.020806625828816785,4.785273319415415e-09,0.00828158136259811,0.002648753981810333
182,6,0.026924311170333535,0.006300474437025686,0.0004737089606693637,5.770840146508953e-06,0.0008019775981428262,0.9649231138892391,0.0003806097545870644,0.00019003334985595997
183,3,0.0011784197186870695,0.0004803778968496719,0.944958648880715,0.003311160635069343,0.032377014686604644,1.675133132357291e-09,0.00039369594589378117,0.017300680561047423
185,7,7.287792312077791e-06,0.0002565953120194751,0.0374193168724974,0.20902888448335885,0.026401146177880735,8.587213323146474e-09,0.719027138433217,0.007859622341501218
191,3,0.0011233340926421061,0.0009632243461969288,0.6871060358285572,0.03902017810279561,0.18515424577617923,1.5928442133417925e-07,0.030975540209296396,0.055657282359910985
195,3,0.01475591168944061,0.0019706926098418233,0.8606834371496446,0.004378576031485136,0.09700231915422174,1.0417700026698833e-07,0.0011169386645842817,0.0200920205237814
198,3,0.0004970293071790172,0.0004945082891564947,0.9626306617234143,0.004482658502943164,0.02412114691563071,5.241055644795082e-09,0.0018040941308777002,0.005969895889743032
209,7,9.936312135278036e-08,3.965521123211285e-06,0.0006617594943087744,0.014389655560988566,0.00047648974320223665,2.8340243352566428e-09,0.9842566652549019,0.00021136222832979362
211,3,0.0001853984682395599,0.0002783190098625702,0.9336400448169169,0.03311427510926316,0.009055658165126688,1.3362784921507795e-10,0.0002677642432721973,0.023458540053691225
213,3,0.002123234942300406,0.00031225020200025867,0.9110227986031328,0.0025008812333057566,0.06891627338521863,4.866707739854186e-09,0.0006205329312393876,0.014504023836094953
214,4,3.843354432222534e-05,0.0005629543939560628,0.22191101544498423,0.7132263705082493,0.018613985741515245,1.0578207995864548e-09,0.012413141863248454,0.03323409744590367
220,3,0.0011884483133226813,0.00021402366200577068,0.9516532556322079,0.00207499894234782,0.033535266378845616,2.7811640100027597e-09,0.0003353261386141611,0.010998678151491966
224,6,0.05765808403955555,0.2008819874251589,0.007225102795139484,0.00016885464534698822,0.004966690960091502,0.7156248060823021,0.01156035203581327,0.001914122016592232
229,3,0.0007364572869960975,0.0007296337111374906,0.9734662227223674,0.010017708798440205,0.007514652674653761,2.7287484910384573e-08,0.0021232219827758123,0.005412075536144104
231,3,0.0006504571881502959,0.001378499042848055,0.44257702903072127,0.2017102599033439,0.275390611023955,5.137656295173906e-10,0.0059397304945873,0.07235341280262851
232,7,6.841318779374744e-07,1.832329266095169e-05,0.0018987912840669908,0.10335472344481687,0.0009438872637571995,6.821657314510626e-09,0.8931238050859118,0.0006597786752508413
234,7,0.0002288419097103834,0.0028878166609316146,0.23305753033193094,0.12918077699467695,0.07730320893418875,1.736666922220174e-07,0.5313824839803003,0.025959167521568738
235,7,4.03740242555495e-06,3.990352602269744e-05,0.008256134020939804,0.257507674273059,0.005022406762125566,4.148050887594996e-08,0.7270500795087516,0.0021197230261669263
237,3,9.679816085244095e-05,0.0007662848306302506,0.7313477103036328,0.1504942643364581,0.04807646995903501,1.89706076944523e-08,0.03958628680571026,0.029632166633073533
240,3,0.002735577613598,0.0007599168493870232,0.9391977865827505,0.00767949768450522,0.03549514035979289,5.063450696748657e-08,0.0013891597462356096,0.012742870529223746
247,3,9.5055150561161e-05,5.193146034738794e-05,0.7677092770439112,0.013223564468876705,0.14500733977363423,2.895189795410016e-10,0.0009032510376219141,0.07300958077552841
250,6,0.018235227558670117,0.0026584119994965422,0.00028050785655252177,3.249141207144354e-06,0.0003411222607889143,0.9782289786238765,0.0001513561217536617,0.00010114643765457916
253,6,0.0005530461761608212,0.01354901593885612,0.0016950014290745066,1.2797423131166162e-05,7.898464547271399e-05,0.9828003782662054,0.0011652486396427242,0.000145527481456734
255,3,0.005627241017029729,0.001457190229540115,0.960897888246469,0.0012690381136546166,0.020308314100123997,1.7930534535424793e-07,0.0008630769407998702,0.009577072047037222
259,3,0.0017334915189781291,0.0014449478593391357,0.8907710349081807,0.047389516504584075,0.0398999120295526,1.1027828730568694e-08,0.0027050485517200527,0.01605603759981665
263,6,0.0013851718682148767,0.0003252754500391384,7.135515596856948e-05,5.39300970242874e-07,3.0464511536325802e-05,0.9981548215431854,1.682316499825974e-05,1.554900508713521e-05
270,3,7.171628588410392e-05,0.00015446424928553798,0.872116032751495,0.025936949817362467,0.06918750067595654,2.022305285569023e-10,0.0025885777812825767,0.029944758236503267
275,7,1.7437387920754156e-07,1.1084650418967626e-05,0.009984558470833276,0.004783172230922016,0.004850591202270001,1.835177976039947e-08,0.979966722336525,0.0004036783833717144
279,3,0.007023862605468577,0.001585087906871476,0.9461431808726767,0.0025564041047140525,0.028112622074480086,1.2546853141066757e-08,0.0003625397604022322,0.014216290128533616
287,7,3.566290889611139e-07,6.853600473538584e-06,0.0011211494531265741,0.01939745103981141,0.001407686855333222,5.63420487975916e-09,0.9775511446172833,0.0005153521706780754
289,3,0.00015046851803250612,0.00010534453656609677,0.9222769012994324,0.005022191275524116,0.048766569027502225,1.3566297696536712e-10,0.0005878975778111905,0.02309062762946862
297,3,0.0022076727153842617,0.000357564106271127,0.9137956618853114,0.002721644075785854,0.06557083975438835,1.1392168510974737e-08,0.0006968100566521076,0.014649796014038386
306,6,0.011017219375515665,0.0013761550967152285,0.00010876014098461806,9.963166746798177e-07,0.00026932580403947687,0.9870973103054295,7.200162925362416e-05,5.8231331387298826e-05
312,3,0.00029216624121132235,0.00019737354049322663,0.9451122153063344,0.007491410650496219,0.030944986976027416,2.780376108784107e-09,0.0011296047175026974,0.014832239787558732
313,2,0.10747504104599669,0.6885553186303569,0.004671686192444724,0.00027438888653282797,0.013408738857998242,0.1663716631104672,0.015612433405649407,0.003630729870553915
315,3,0.0011954386111014909,0.0024514705925789537,0.8754966690785438,0.016232392394694796,0.05271609842395369,2.604464778131778e-07,0.046393386904301386,0.005514283548348009
317,3,0.0008514471456959247,0.0001838256072529132,0.9312500217312281,0.0015918808312998518,0.051773513750293224,1.2338516774473745e-09,0.00038492564561985336,0.01396438405475857
326,3,0.00020227593115506492,0.0004798521084730351,0.913462001443,0.030089359634459415,0.034115849145991146,4.025635286218846e-09,0.004692958522510038,0.016957699188775963
328,3,0.0008125803470293106,0.0012973300514435141,0.9501930920558266,0.015070919286399786,0.00783122245141992,5.925890124740401e-07,0.02152420033806667,0.0032700628808016944
329,6,0.00979571430974569,0.02918687135569423,0.0023214256267992573,2.89411405937792e-05,0.000940126028235979,0.9556571511809921,0.0015802223024086231,0.0004895480555304495
337,3,0.004749673296386741,0.001966267170165014,0.9826533234380669,0.00037017998654200845,0.005768339689809754,1.1658470668154502e-06,0.0012443524151252246,0.0032466981568374993
338,2,0.00467339091492342,0.9418524019368004,0.004107199726741741,0.0008543503948422812,0.004235609303665342,0.01208696546391935,0.030172913347681737,0.002017168911425818
341,3,0.0008211752318502074,0.00035375079297918476,0.9716783067357198,0.0057688701464113324,0.012226425320272738,3.726443975051646e-09,0.0004297338474050427,0.008721734198917813
346,3,0.0015710318893916398,0.00047236683580941153,0.9631332970104731,0.006748716968813614,0.020433377125729336,1.4400861394196279e-08,0.0009981694246310878,0.006643026344290255
350,3,0.0006858519841922925,0.00036875186872329524,0.9696782663678967,0.0016224992424825246,0.020082419940471,1.3643124129617184e-08,0.0013090456255073805,0.006253151327602802
351,6,0.09134254051949933,0.0026449751053301343,0.00022188248583956006,2.1811746750802815e-06,0.0019169154959520448,0.9034882402791905,0.0001415289801369643,0.00024173595937623324
353,7,4.471721947099948e-06,0.002973912064774792,0.0004346075004318671,0.001674345534682798,0.0007049199086135055,1.4852282164444993e-07,0.99418560889455,2.198585217820029e-05
354,6,0.009209800943602284,0.0046432421372083225,0.0005741428551102509,4.563712709378635e-06,0.0004927852448218116,0.9846025415049241,0.00027705356847996366,0.0001958700331439519
358,6,0.011081588920127387,0.00467538240133192,0.0005637245727893528,4.669083642007113e-06,0.0004968705277209678,0.9827882003401586,0.0002526100234385203,0.00013695413079118062
359,3,0.006456664586154559,0.001138544405617202,0.7958676966459456,0.005796898989146692,0.16280191779464542,5.2864790192745174e-09,0.0008675803426266033,0.027070691949384943
361,7,1.00131360312823e-06,0.00013565701148154872,0.0002474549165078072,0.15786846981256544,0.0004898177087542577,1.0257118559412759e-08,0.8408655677449606,0.0003920212350084745
363,6,0.3403037979981547,0.14795624169533028,0.0070191295769253,9.68797838048264e-05,0.021061574682828214,0.46359473870952933,0.017072272952611708,0.00289536460081562
367,7,2.791198717385385e-06,2.9894063700183463e-05,0.017530662006194412,0.133294962075694,0.005317737003850921,1.0080053456115407e-07,0.841603638354047,0.002220214497261715
369,3,0.0006119015076623625,0.00031699947371129354,0.9529437585014846,0.010244185023813789,0.02711699141207614,1.1309942111504568e-08,0.0017639827946157932,0.007002169976694006
370,1,0.8862317772598721,0.040760967888382876,0.011871176493305156,3.75691855974598e-05,0.031244261472305284,0.01762348175169205,0.008722824091953284,0.0035079418568916792
371,3,0.010307668763767763,0.0029360428829323343,0.9709625376470769,0.0007120091681909934,0.008706417935094574,7.586464933718868e-07,0.001146658143607208,0.005227906812836967
372,3,0.0006890138423124002,0.0006592982330661687,0.9473284781886057,0.012852009545247425,0.02773817053715425,3.182435088896496e-08,0.0057432664153765686,0.0049897314138867424
373,7,0.0012146330545017086,0.42565802925376917,0.010435763446092964,0.03513027878134892,0.006682651341826417,0.0005316629676047351,0.5196607112742992,0.0006862698805567468
374,2,1.0958633645421886e-05,0.9683486155461783,2.178930937620823e-05,0.001796003057323126,0.0009163899030401919,2.2985033277413388e-05,0.028875256719046085,8.001798113384594e-06
375,7,4.219375760655725e-05,0.0008032046322090827,0.046227846747412295,0.034053572856086164,0.01165746813933429,2.6623274012042184e-07,0.9039137670703808,0.003301680564230697
377,3,0.005941900663697425,0.000782726456956983,0.9090538668497464,0.007341738008827957,0.0442142538735423,5.717034218634275e-09,0.00018833434810313355,0.03247717408209143
379,3,0.000155163664315261,0.0002369617396528822,0.8433452180154798,0.032204854850411996,0.07713067885663338,1.6232014379610293e-08,0.012792108235117783,0.034134998406374614
380,6,0.004121711377332652,0.0008970365082944447,0.0001528721576284146,9.23316758743567e-07,6.938621261688295e-05,0.9946655990160379,4.9230100789659355e-05,4.32413105412683e-05
381,3,0.005874899535893563,0.0007556440651332062,0.9700404295012588,0.0004540489270227485,0.017573819409821428,3.6980911837857347e-07,0.000604132514705365,0.004696656237046381
393,3,0.0019707530578418645,0.0003063199948860483,0.9732710830616128,0.00281835521759121,0.013951226030682396,2.285174137222902e-08,0.00030496478526950693,0.007377275000374862
394,3,6.411523626105365e-05,0.00025434081945755973,0.8036557258287956,0.11435757592690052,0.04265278850277747,1.463950021417028e-09,0.007921524606565766,0.031093927615292
395,4,3.754247698772382e-06,0.00012477011275486899,0.00468055056157772,0.6444313253078819,0.0029455962791149573,3.0150140248081164e-09,0.3429873910931039,0.004826609382853827
401,7,1.5991389376322118e-06,3.931710067489436e-05,0.02328672049208712,0.052415868073350406,0.006713372874117361,2.0895816223630295e-08,0.9150864969616753,0.0024566044633411175
402,3,0.0004162920802500687,0.00017748081304491393,0.8783283534673273,0.017499205628304412,0.05698314064608612,3.376724913058914e-10,0.000411330403058648,0.04618419662425625
403,5,0.2076535019569194,0.038552996764644805,0.1669038787172543,0.00014812338040381362,0.5662103502294962,1.124211411319781e-05,0.003464259541690692,0.017055647295477688
411,3,0.0003838241687213637,0.0005277492248214877,0.844203661147994,0.010362360086701983,0.12075754019140965,2.332378214868144e-09,0.008044169989518,0.01572069285845544
414,2,1.1644675304092749e-06,0.9966777477148815,2.889493226688422e-07,0.0001843800628040722,7.927410249396996e-05,1.6528015032058186e-06,0.003055382839195733,1.0906226848877186e-07
418,4,9.406182192308008e-06,0.0005261583999645437,0.05690910093678514,0.8657868305472766,0.00489562640314447,1.619533436971985e-09,0.06267597019475904,0.009196905716344442
419,7,1.4573924864578277e-06,3.8349614052729733e-05,0.0015136107804042654,0.006897932073755477,0.0009192405904776819,5.635631962119163e-08,0.9904402819918886,0.00018907120061513685
422,7,9.8700752721509e-07,5.834525793234045e-05,0.026323279904412297,0.038006020442058676,0.0050868529888140205,4.987909727761e-09,0.9289646991008846,0.0015598103104608968
423,3,0.00015885420073623587,0.0003007859967254335,0.9092985116151199,0.015878624873210102,0.05457849489812515,3.3736773782992627e-09,0.005684212941497052,0.01410051210090868
424,7,0.019349317303732988,0.09647036319545126,0.2506495109560312,0.016104935445603357,0.08164815532711858,5.423750957199272e-05,0.5312165030392573,0.004506977223233433
433,3,0.001371751902950083,0.00019346701274145523,0.9328227369543206,0.0035615333449475523,0.0427988151326708,1.7604181471180389e-09,0.00029667889653040675,0.018955014995420866
436,3,0.0003606588226204324,0.00021021602247793024,0.9688700802791286,0.005525145198556127,0.01252372438284961,3.841724524554304e-10,0.00020230874628370497,0.012307866163911007
438,6,0.037225538131528166,0.1490093738509622,0.005369326020788297,0.00016452803414833682,0.0022492896265407583,0.7943847131709423,0.01047012237104603,0.001127108794043927
444,3,0.0031185868291154053,0.00042315842024413103,0.945504981555649,0.0038060140083391587,0.03480814792673653,7.387062485595119e-09,0.00028915400737200016,0.01204994986548104
446,6,0.0010787868013726035,0.0011483161628662898,0.00022463381093378447,1.6254884564605231e-06,3.960076190106508e-05,0.9973733738596273,9.136090919469665e-05,4.2302205647626785e-05
448,6,0.027829693384799525,0.044534677045333,0.002842300003309018,2.5796308041496765e-05,0.0019494083976821456,0.9194277947030575,0.0024563061271365913,0.0009340240306407828
453,7,1.736422149232982e-06,7.152749261622813e-05,0.00801524271262184,0.1295803084370599,0.003004160847931959,4.6333928785414215e-09,0.8574966490521752,0.0018303704020527895
454,3,0.022149203016017777,0.0010953375057715742,0.7752885463892469,0.0007660102113539968,0.18535477233813982,8.954195439112153e-08,0.00046345236526303026,0.014882588632252508
455,3,0.001674050551843819,0.0009220962568970612,0.9851268512859299,0.0007987387497791778,0.005594787446157654,3.868376591998409e-07,0.001296287911440211,0.004586800960292886
457,1,0.5218274485661566,0.0030528480891804516,0.0003986566368681271,2.7014041990969473e-06,0.01856340867313125,0.45487117104683267,0.00031729313699675705,0.0009664724466350263
458,3,0.0005701733013878425,0.0005602467687796885,0.9702893137977286,0.007328842296131424,0.013649216807788586,2.8151736617529282e-08,0.0035552993860597766,0.00404687949038751
468,7,2.7215043304003073e-06,0.00018615990941111448,0.031331564598349425,0.07444408160594194,0.006807996080615266,2.8812185271502205e-09,0.8848235386342145,0.00240393478591894
473,3,0.011846999307528906,0.0018857494468517394,0.5677368027838133,0.009484582870238917,0.3305977969662286,1.915406362335732e-09,0.0005460969935379402,0.07790196971639417
481,3,0.0010787586391772486,0.0006972153964510516,0.9666088764917217,0.00926488042567685,0.013924862326822536,1.0157898765189051e-07,0.003808274245540048,0.004617030895622891
483,2,4.549941406525618e-05,0.9142516509734605,0.0001574417903899798,0.005061538327753655,0.0019389678344333575,7.78101786630659e-05,0.0784387304565545,2.8361024679629e-05
484,2,0.08239157420198524,0.7802394523045199,0.0062336581084616975,0.0003158612581869771,0.010934253427200571,0.09257553125997223,0.024122905281465882,0.0031867641582076665
489,3,0.0006467367008974797,0.0004004604973920566,0.9840566216972353,0.0009917923372292309,0.0071427523450781,8.414098767851341e-09,0.000451137296271375,0.006310490711797604
496,7,1.508768191782706e-06,2.362612134454533e-05,0.007460236910725027,0.1024672380674301,0.005264844368419596,3.235922774145552e-08,0.8829457757537356,0.0018367376509256033
498,7,2.3811491366015523e-05,0.00037945466332022914,0.022519403796532857,0.013688592039036053,0.008443358180586951,2.0528576667482493e-07,0.9539008908521436,0.0010442836912475766
501,6,0.06228838828165075,0.06115222406500795,0.003794674342969937,4.974658975516737e-05,0.0024451436018058785,0.8628310219051761,0.006509594238455164,0.0009292069751790012
507,7,1.069175557383617e-06,4.8681263991519146e-05,0.010566555577103539,0.15448924720872995,0.003722590688369345,7.98922511288821e-09,0.8281834991109707,0.002988348986052541
511,3,0.0075658021072086525,0.0008779875768711772,0.8710488868219071,0.006091454133855206,0.10042538962447141,6.34772072799227e-08,0.0014486688715845291,0.012541747386894871
515,5,0.043627156443180715,0.0009882524744069237,0.16600210514987987,0.0003329412446098447,0.7709509141786022,2.7148553367240554e-08,0.0002738219645744479,0.01782478139619255
517,3,0.0005442134811046124,0.000328294792830336,0.7489353645677307,0.016271269487044077,0.1296667113323592,1.1087961321424722e-10,0.0004281954955227587,0.10382595073252872
519,3,0.0014620491323353712,0.000534373128062489,0.9133154657004098,0.015055957076019604,0.030639924611666765,1.0277683106968051e-09,0.00022020444848864593,0.03877202487524897
521,3,0.0017558203103788944,0.0004326671263803052,0.9634609502857783,0.0023257911800842615,0.018647173853174097,1.3092646067271226e-08,0.00037505482803138813,0.01300252932352673
525,7,2.4473314515116004e-06,0.00011523313520739377,0.010700789465206131,0.13869901001856233,0.003265470734928604,3.629828618820187e-09,0.8453961947757621,0.0018208509090534438
536,3,0.0031077793168993316,0.001548622907001065,0.9321735204510525,0.005856698783374722,0.0431020172955164,3.1521447090227616e-07,0.0062350141053912735,0.007976031926293814
541,5,0.04053540157278378,0.002907559720264484,0.2548473310054793,0.00040578059525985856,0.6885166809356384,1.1910187932981937e-07,0.002072878226398399,0.010714248842296378
544,3,0.0007038540143344179,0.0006679756400908651,0.7689177583995315,0.042732559235339425,0.08649946764349031,4.5065608777463696e-10,0.0009068834455632668,0.09957150117099393
557,3,0.0015517583490814706,0.0004577997141680653,0.9821045963217379,0.0012176858497525208,0.009432244809688784,1.2269923292298223e-08,0.0004606616344589244,0.004775241051189279
558,3,0.103634428020916,0.005627432417468419,0.806936312113887,0.00020140044542085828,0.04748488421053669,9.472820539346265e-07,0.0002449511244165833,0.035869644385300305
559,6,0.015510610266969486,0.0007698415377081996,0.00010204520780816844,8.773113608412931e-07,0.0002294178477528864,0.9832886174637897,4.879853995223403e-05,4.979182465849254e-05
560,3,0.000137143411868468,0.00017092957528458145,0.9111969890139859,0.004986362927462675,0.06287888723569209,1.1219244098961484e-08,0.008058845173408512,0.012570831443053538
566,3,0.0032075194708770754,0.00041468291992856804,0.9542884039331302,0.0012961440387643634,0.030592389304127745,1.6035003595100833e-08,0.00028749128883601925,0.009913353009332392
570,7,8.697934789060598e-07,1.6813281092031412e-05,0.0017346237052474243,0.03802549523036724,0.0025257837313006457,7.77685408462069e-09,0.9567643890160953,0.0009320174655644064
572,3,0.0006274939934204206,0.0008673863170263841,0.7829629035442518,0.07215295291713843,0.07872037802184426,1.5118076926332316e-07,0.03144985687073484,0.03321887715481445
574,2,0.00022989072822871118,0.9783553134615429,0.0002721226591467261,0.001455348096590592,0.0015938473686762274,0.0006580826598306239,0.017176717219150445,0.0002586778068338084
576,3,0.06743760784176556,0.0039107274567397035,0.7470570027672602,0.0032905777203229253,0.12671722891134174,1.0290389143050166e-07,0.00024502845340199336,0.051341723945276564
593,7,4.890395009938421e-07,1.9026797782916863e-05,0.0005561674158439885,0.014091517488619748,0.0010165548466434843,1.1729777148679859e-08,0.9840333587711156,0.0002828739107161382
601,1,0.7419310263269948,0.052282743120576625,0.15782917656923587,0.000135451476050739,0.022832762063523394,0.007879241467555895,0.012544271370937204,0.004565327605125603
605,3,0.00018299744943744116,0.0007991518733166842,0.6969008711697657,0.11507915207013791,0.08982308364492114,1.988881978311888e-08,0.059181289945877305,0.03803343395772394
607,3,0.00422388091793361,0.0005670853886993839,0.8878761195860324,0.010059493201201248,0.055293552515290625,6.943570604815858e-10,0.00011946501847251594,0.04186040267801305
610,3,0.0010396290721884599,0.00034279711180559684,0.9596706493993006,0.01145501156202821,0.009837487285014806,1.653920706643103e-09,0.00014753331413399904,0.01750689060160768
611,4,3.898470576865597e-05,0.001237805888610814,0.1816619223202755,0.5146151518821339,0.03005105328282881,3.2612162464747743e-09,0.25620166768079905,0.01619341097836703
616,4,1.6190472229132967e-05,0.0007987342049741436,0.0894073102278509,0.7204317219648192,0.01138957517742398,1.4760712413810343e-09,0.15948267378555264,0.018473792691078638
627,7,4.595044475698741e-06,6.309262597106814e-05,0.05750717671135687,0.16881839526908524,0.011704055112092137,4.318396059152393e-08,0.7578470257225335,0.004055616330524915
639,7,1.0210011713107776e-07,4.085124362508105e-06,0.0005445738387715501,0.014687991546113015,0.0004029773980524705,4.007396238874878e-09,0.9842225210743001,0.0001377449108870042
653,3,0.0012366223554063937,0.0008209085659277801,0.9111455290050406,0.011675694319544135,0.058548473910612506,1.837767237603833e-08,0.0054911759029316705,0.011081577562864549
655,3,0.022652215766574307,0.002365133071494423,0.7282020796350509,0.0022805644496120352,0.2186456231797101,4.538410348542525e-08,0.0010751833906933578,0.02477915512276138
656,2,4.960383885008757e-05,0.8382318279945176,8.422181158554129e-05,0.007691331069801367,0.002305713048788931,5.752961102697398e-06,0.15160999388666213,2.1555388691616443e-05
660,7,2.6654461288601527e-05,0.0009815259595540708,0.13209534265447817,0.3606316079761568,0.019538049997263215,4.118545229142332e-09,0.4787054094304005,0.008021405402313516
668,3,0.000412314284611745,0.000219546352442549,0.9391947838695608,0.0071709368471916625,0.03801510291450352,6.347018769912084e-10,0.000652109550831221,0.01433520554615689
671,2,6.96432609537023e-05,0.9713642886196948,0.00011173037061540683,0.002756013702560734,0.001267684444859908,0.00012586151515695955,0.02425605600012382,4.872208603459926e-05
672,3,0.008877180306330773,0.0008947381118198935,0.8514065833400343,0.0043954125714847,0.07390698837983434,3.055352328325823e-10,4.323770688517866e-05,0.06047585927807571
673,3,0.0014561234222766916,0.0004173037874778774,0.9552996414644359,0.0034993473121165,0.024941355860417912,9.817164362733237e-10,0.00022731428681295546,0.014158912884745712
679,7,0.0020419120431289374,0.009994823354630903,0.29801074685587564,0.030190004690001174,0.02104515811269814,2.4070519721645684e-06,0.6365599719426734,0.0021549759490195716
681,3,0.005757717951577248,0.0006620834764356228,0.9521795826559506,0.0011765203147831992,0.027757291797658668,1.6267992764110405e-08,0.00020928021451347936,0.012257507321088506
682,3,0.00013023909237613575,0.00010630822395882826,0.9151428417719616,0.007672131331668668,0.04606097688266292,1.462890008550687e-10,0.0005017649539970312,0.03038573759708577
684,3,0.0001776454247733729,9.858661983967473e-05,0.9754887448834519,0.0033537663475487977,0.011028293914237396,1.514869853928736e-10,0.000230581692533857,0.009622380966127905
690,4,5.511119975072086e-06,0.0002310620450185525,0.023270440334552785,0.4895695091828075,0.0076493122899007875,4.608129331087068e-09,0.4720059403201333,0.007268220099482785
692,5,0.04363899827044315,0.013931278393039696,0.11906940168148217,0.0010497886661390665,0.7926939645451437,1.6397636891487208e-06,0.020542662385306998,0.009072266294755901
693,4,4.4928303732408195e-06,0.00010480993579425446,0.005271672594791301,0.9426429537454598,0.0018128787702536375,1.6349955375594892e-09,0.04383264368791508,0.00633054680041705
694,3,0.016040457150649258,0.0029569393533774514,0.6566382678957648,0.030943620017950344,0.23492044372646942,2.8620667080122484e-09,0.0007587008189995062,0.05774156817472243
699,3,0.0030007195987967954,0.0006736308289811977,0.8164135224382213,0.03731998975468743,0.0958701551623929,1.4881069175105606e-08,0.0013477186943254853,0.0453742486415258
701,7,3.497535040742916e-08,1.6159456298798786e-06,0.0009283632146644015,0.0030215971570918577,0.000476553972092064,2.7909421670847486e-09,0.9954560173284379,0.00011581461579131094
711,2,1.9918334766721662e-05,0.9750132186468211,1.3016687416529304e-05,0.003021526012604637,0.000530260477502102,8.885219402943827e-06,0.021388419190773444,4.755430712433812e-06
712,3,0.03800415430101182,0.011684638845553562,0.9115729731637909,0.0002395057294516901,0.030244916358907005,4.253448051137401e-06,0.00217987746973741,0.006069680683496185
718,3,8.341945299438261e-05,0.00034204877486556013,0.9460302837273729,0.018024178954100828,0.013640240042277681,2.0455840524908842e-08,0.015896470291956344,0.005983338300591781
720,3,5.307812364533117e-05,0.00013277522575242583,0.8804673335467814,0.028252854967658836,0.05992721011324413,2.2440021537815546e-09,0.011822574234085347,0.019344171544830306
722,2,0.0010172105699683361,0.9781464556524229,0.0006200340467972458,0.0013488506391203246,0.003292636509085037,0.0014421390793572034,0.013543600702278528,0.0005890728009704978
727,2,0.0004349903044591316,0.9817394908245078,0.0003735353974219736,0.0018222155652718548,0.0017805503761677865,0.0013953773816031253,0.012005332935141295,0.00044850721542700025
730,7,0.0007020156291446433,0.012425283526889761,0.06738148584116903,0.19505396706113473,0.010637513394783568,6.061062656463574e-07,0.7089111527328551,0.004887975707757583
733,6,0.057977844187829135,0.008509362236729668,0.0005026434104000572,5.754166037834619e-06,0.0013604925782084334,0.9307973878740105,0.0005100415278172736,0.00033647401896704627
736,3,0.00010882527498913357,0.0012294770490805594,0.6406066147771147,0.2651597766992468,0.04496127531299321,8.502244251758143e-10,0.029086242189601,0.018847787846750237
737,2,0.002713828179174434,0.9693726570204242,0.0011248422074094469,0.0007881575649239705,0.003551753221352961,0.0041364125670027676,0.01706143523767767,0.0012509140020347646
739,3,0.0010824143357104075,0.0002912358136270106,0.9732009030586002,0.0032134743043487433,0.007879592935445183,1.888676490201512e-09,8.724673789541899e-05,0.014245130925696554
752,3,0.02556929856532036,0.01834263249104455,0.9140920753401891,0.008069855614622314,0.011681425466758771,5.21681905140067e-06,0.00949938863234176,0.012740107070671554
753,7,2.3506339421051173e-06,8.849706769191871e-05,0.005277911231012914,0.07799996802725022,0.0011087250319049122,1.654887831083736e-08,0.9144806017797132,0.0010419296796062914
754,3,0.0004262994240144241,0.0005673911953329486,0.8605715222940636,0.03671204693828522,0.062064857344364684,1.2695158673547652e-08,0.0052285485238354815,0.03442932158494513
759,3,0.004307733282043205,0.0005087697265656827,0.9448740407175152,0.0014614831841065405,0.04017001617867408,2.8930145043619098e-08,0.0005598733052859616,0.008118054675664224
760,6,0.020228186638913837,0.000905393375613987,0.00014731815201847313,9.381907629936032e-07,0.0004131721039646143,0.9781751343414614,4.457427700701549e-05,8.528292025774033e-05
763,6,0.06886515632048675,0.00102211020125629,0.00017394728759928245,1.6167748726626826e-06,0.001440187236568304,0.9282649460825173,7.988587724208945e-05,0.00015215021945735215
766,3,0.004403454615886361,0.000995867580539151,0.7671203210689382,0.01999156935033194,0.14904468213604907,6.168990686930629e-09,0.0009787746179744045,0.057465324461290185
771,3,7.058915439630776e-05,0.0005830438273442609,0.8016645196394279,0.109868978168725,0.021949445860226558,2.519217325917932e-08,0.05153775410142762,0.014325644056279093
773,3,0.0004444065198004173,0.00014430750306225048,0.9427405082809915,0.002971324797322566,0.030932342549073257,3.946151563709425e-10,0.00018899914772415322,0.022578110807410574
780,3,0.0022390149698104903,0.0005905184886059955,0.9552311935647272,0.004133213796369376,0.028653442424462865,7.60898334196264e-08,0.0011817912637764566,0.007970749402413995
790,3,0.000514357884730607,0.00032309719793706794,0.9442955481789059,0.016880833584808314,0.024467156628129105,9.365293762810733e-09,0.001511205146715559,0.012007792013479604
808,3,0.00034429266030613193,0.00022802403120587213,0.8051130941967213,0.01602596976732958,0.1212138929620509,9.508471098950352e-10,0.0011148230358277245,0.05595990239571143
818,5,0.010943510254319931,0.0008018508274667761,0.2811891086474228,0.008221366948383982,0.6375561708666666,1.2795810112924278e-08,0.0012084670694897642,0.06007951259043997
827,6,0.009819547512449095,0.0012462688664451995,0.00019919760040753898,1.5106640228401844e-06,0.00019905195488657379,0.9884035735931248,7.189497095082724e-05,5.8954837712972956e-05
828,3,0.0004676916045572119,0.0006489893968390954,0.9776641883550986,0.010202769886046199,0.004307805920196784,2.7033933990835462e-08,0.0014847723132287163,0.0052237554900992425
832,7,3.4804208067634177e-06,3.019218712609429e-05,0.0028020051945032484,0.15260848366632945,0.0026089896436434367,2.0326684362597162e-08,0.8409473915007889,0.0009994370601175701
833,3,0.0065130617118404665,0.002598713608624972,0.9823580222391085,0.00021144658858788704,0.0031968512629503157,1.7194812792519624e-06,0.0006166207048573587,0.0045035644027512835
836,3,0.0011023477449383916,0.0007219157153827464,0.9745559244420231,0.004634467663516535,0.0101161016441796,3.130687566566793e-08,0.001101345459371651,0.0077678660237121945
838,6,0.12124050760910818,0.0956585244064083,0.005310169723542057,7.292154228958573e-05,0.006065691747746653,0.7652259010880518,0.004933080547015558,0.0014932033358380182
839,3,0.00015550479776875735,0.00019168127195318357,0.8466969020291967,0.02084400411825991,0.09668548814347634,1.1079462177948912e-09,0.0036697392627722016,0.03175667926862658
843,6,0.04893807674665448,0.015078280111712077,0.0013181011277364587,1.4303131262821659e-05,0.0012444466061822539,0.9318022510484759,0.00114423765638524,0.0004603035715908449
851,6,0.0012333862209234108,0.00056069957530355,0.00013562108084433556,6.55791062248403e-07,2.59074905860763e-05,0.9979672413447724,5.3690243175764175e-05,2.279825333214997e-05
855,2,3.5487686412643014e-05,0.9700002312694979,6.375719160263569e-05,0.0019894325565486593,0.0016905860111285588,0.00011954609228359134,0.026056072052309656,4.48871402162891e-05
858,7,6.848136265442399e-06,0.00011382145194811377,0.18636188369309253,0.16361990263260462,0.018674711194805554,4.126329562701919e-08,0.625223157192903,0.005999634435085054
863,3,0.0014423402903313792,0.000907756689091745,0.9301804615475979,0.01501382885783598,0.036655578251639835,4.667201605804932e-09,0.0015585755661648515,0.01424145413013661
867,3,0.0010241012292881233,0.0007263557305973806,0.9780614995521442,0.005832628320467912,0.006856992839330883,1.70770733882917e-07,0.004841978677569137,0.002656272879868276
872,3,0.011220070527829886,0.0012336177577941035,0.8226411265250801,0.0101935876313429,0.11907718328677903,5.703075136493335e-09,0.0003187221083517527,0.035315686459747114
874,3,0.011085591907710534,0.002214130713449344,0.9203173051974525,0.0005690245774056643,0.05642550612265816,9.504109798747126e-07,0.002261691775431331,0.007125799294912829
884,3,0.004526411404160249,0.003134407319964186,0.9071339363961588,0.002958797808612559,0.05466700483020513,9.929325708926267e-07,0.023318566567866097,0.004259882740462269
890,3,0.0004847463375131823,0.00016481638370757966,0.9704533289162568,0.00223977995585343,0.018512720929903716,1.657887919294652e-09,0.0004676537171343567,0.00767695210174307
895,3,0.0010117095561488554,0.0006568854497122156,0.9506367261608473,0.0021409732330104837,0.037496344984709835,1.5171806044992163e-08,0.0032144314114895918,0.0048429140322756815
897,3,0.00018837585371844892,0.00023974123881419245,0.85276629944137,0.020473624956706276,0.0908592954332003,2.3071018355845454e-09,0.005605305113093438,0.02986735565599555
898,3,0.16087140618927312,0.2080137806815459,0.4172971007721967,0.004384738303377963,0.13379867805072124,5.683274456466875e-05,0.05670915326251366,0.01886830999580681
901,3,0.003824026350251686,0.0004514162818209815,0.928908907287806,0.002193414003277761,0.05445416250200746,1.822422216977494e-08,0.0005640386937873088,0.009604016656826597
906,3,0.0022127281471434612,0.00033450406774273553,0.9605963522959308,0.00036342629910884097,0.02875478620312948,1.212502763805649e-08,0.00024256845345282935,0.007495622408464308
907,6,0.002631791744419992,0.0012855960652357697,0.00020555849120011552,1.1716865051734776e-06,0.00010277873146094968,0.9956140061893585,0.00010791925592241711,5.117783589725052e-05
914,2,2.1689442864850446e-05,0.9796540400826323,2.3708201847019853e-05,0.002192502354936594,0.0008408305392361477,2.8772249427483552e-05,0.01722648435594457,1.1972773111149132e-05
916,3,0.00186103923765783,0.00045818656994006673,0.9511106291674093,0.002182297064788841,0.03505651758757308,1.3474665876601246e-07,0.0017165239595429245,0.007614671666429243
919,3,0.017154421585140883,0.006219474639425355,0.9602396597888853,0.0002175230316895088,0.010523763474427501,3.895816188601215e-06,0.0019245159025856387,0.003716745761657443
920,7,3.8585690227960216e-07,6.734264018611203e-06,0.0013941439191271024,0.017702906656446388,0.0020244356054834834,8.86157298517459e-09,0.9782931974246307,0.0005781874118184811
923,3,0.0009633099013722151,0.0013623393714994447,0.930908800539585,0.03282195580649651,0.017017659885926198,5.8549960844830746e-08,0.010979613479078512,0.005946262466081046
925,2,0.06777045944374081,0.8490571420025174,0.0027965201478873307,0.00022476982671207574,0.016544329757185294,0.04722093500760394,0.013974843794043797,0.00241100002030954
926,3,0.005350016698759587,0.0012524559767014777,0.7611813492319852,0.012908790194081326,0.18992513960688182,1.557458486514736e-08,0.002000281099528908,0.027381951617476877
929,3,0.0012529438067293908,0.0011965252728007695,0.5287972350140729,0.09270556473657234,0.20662089197215572,2.415735261075132e-10,0.0009630190167055922,0.16846381993938964
935,3,0.0014873310138753448,0.0006577429777462192,0.972137288972117,0.0006489795422354698,0.018095217268043407,3.905194029003464e-08,0.001422239928124961,0.005551161245917324
939,3,8.216266494544383e-05,0.000447429946010632,0.9252389347003587,0.021802346198726053,0.023591374231053727,1.3254065590034935e-08,0.021237645403146148,0.00760009360169374
941,6,0.0008834902625460818,0.0019744747376253583,0.00034459705491510147,2.5525277660860275e-06,5.259965076944223e-05,0.9965761892802715,0.00010993087776750266,5.6165608338808596e-05
947,3,0.0029449532904925733,0.0005561879870178167,0.9370828073548676,0.005822115778478873,0.03472011618866047,1.0702708624714614e-09,0.00015617029790677682,0.018717648032305013
951,3,3.718411059106585e-05,0.0003631974040057828,0.32539446690970597,0.11872593340206308,0.30121224269237695,5.820468566784853e-09,0.2353572254420024,0.018909744218786145
965,5,0.003235337438115187,0.00036629625993860027,0.2559354864889754,0.008476708994014728,0.5594362369926315,2.5766078697226157e-10,0.00022097110353248305,0.17232896246513135
966,3,0.0011628637737058501,0.00027001675047982893,0.9521118796979521,0.0033212816123470044,0.03424683277339942,1.1629536264777275e-08,0.0008685615354991506,0.00801855222708065
971,2,5.367917965912431e-05,0.9734672182622526,8.85586729404764e-05,0.005083819554399069,0.001284377692600783,7.333671124108284e-05,0.019904313107985343,4.469681892142797e-05
974,6,0.07604595141864377,0.0021308724678843964,0.0003374209510392524,2.235051275823017e-06,0.0012630572102165234,0.9199008949997264,0.00011241624345887806,0.00020715165775481303
977,3,0.00048114065786875694,0.0002446310979284309,0.9612886622206709,0.008020208553233132,0.021917988458829026,4.626532493927071e-09,0.001117608270783533,0.006929756114153744
982,6,0.0021054425569740068,0.010600020710167631,0.0014315357686667583,7.266314393111753e-06,0.00015730128474786943,0.9847906286297755,0.0006416779566616064,0.0002661267786133228
983,3,0.0001718496512837505,0.0003163975978900341,0.9519826017807487,0.016321738898006463,0.01922623008873727,2.6879704976205305e-09,0.0032782103917664116,0.008702968903596958
989,3,0.001409457831180629,0.00039911675614444944,0.9042940115127188,0.007662328233613126,0.04807899107481616,1.1850438547551897e-09,0.00028545332400639227,0.037870640082476606
999,3,0.0008507521826242265,0.0014520848562346472,0.9187258347402024,0.028161235551098604,0.03290935510555991,4.3309382700925736e-08,0.010139788509416563,0.007760905745480937
1001,3,0.003647583994116074,0.0004889540369050547,0.7505580002511696,0.010453746777897763,0.16701792639860025,4.8086838519247306e-09,0.0005986541773177448,0.0672351295553097
1009,3,0.0032949376106586542,0.00047362757585606293,0.8876958598220364,0.0022110084607212016,0.0656442543035064,1.1687604610763297e-10,4.6430106748707355e-05,0.040633882003596494
1010,3,0.000736108275789628,0.00037153037123885223,0.9694841008567411,0.001346334630304496,0.018738328478538305,6.283826646671007e-09,0.0006153496456209119,0.008708241457939993
1025,3,0.0001888541503164397,0.00042146720715753594,0.9713604423700527,0.008354661589599872,0.012166501977830342,6.227463014434659e-09,0.004063573663562015,0.0034444928140179775
1029,6,0.022723636167018564,0.0009337680261947775,0.0001343789923552737,1.1825769855263236e-06,0.0003670377803648142,0.9757106504325704,5.5191238644416186e-05,7.415478586638871e-05
1035,3,0.00011308642928229188,9.610416219216126e-05,0.7771306740886126,0.01947445536774385,0.15816005472556033,7.553133564440794e-10,0.0030100226775818936,0.04201560179371349
1038,4,5.776313251078247e-06,0.00013642193807702043,0.011525701118454901,0.9657627608567753,0.0011238697316812787,1.3995249497643589e-09,0.018265645083178027,0.0031798235590573608
1042,3,0.008481630254608514,0.0008160479778299834,0.8954621141373379,0.000333604442739053,0.08732862911530986,3.095914788797049e-07,0.0011359334902793265,0.00644173099041656
1043,3,0.00034640426210405116,0.002247431337670911,0.5054252197237133,0.013317732765579762,0.1236099583538952,3.0741823457220774e-07,0.3439512379094434,0.011101708229358808
1058,6,0.358635852339223,0.1862029214983432,0.007061542221020619,7.378771170637702e-05,0.021111253647591952,0.40624312182798733,0.016705498799431808,0.003966021954695769
1061,3,0.017813777801158476,0.013356067830133342,0.9389153913145599,0.0013263660120629449,0.013493390178429201,1.1791341363586203e-05,0.00952064114907798,0.005562574373214479
1062,4,0.00012799676079376413,0.0016924139699152773,0.19784791334446086,0.39531090281796083,0.10575200427573109,1.3762069378910984e-08,0.2627682490985685,0.036500505970500266
1070,3,0.029184654558618697,0.0008234665289940489,0.4688488803294568,0.003110955370737381,0.4408880428594648,9.347436920282357e-09,0.00019275578100600487,0.05695123522428528
1071,3,0.0007889918908577016,0.0009288215508371369,0.891751385731579,0.027024961484222898,0.052504602021777425,2.2568080321288696e-09,0.0028439678223678324,0.02415726724155014
1078,4,6.120847610921376e-06,0.00023038151961121957,0.039059944997665665,0.5910309680191455,0.007226859462900018,7.376152645821055e-09,0.3548351525681309,0.00761056520878313
1089,3,0.0013367254714622592,0.0007626294484428036,0.9908700119329007,0.0005973877430298285,0.0022789738567085315,4.7573238793060016e-08,0.0003113812662283839,0.0038428427079887956
1092,3,5.710656819097369e-05,0.00021617113412174886,0.944497737113948,0.026301521448482593,0.015507785085958544,1.549888830574322e-09,0.005198587519994971,0.00822108957941436
1094,4,4.432644237466707e-06,5.7122118996104474e-05,0.003050287707032855,0.6809460550775617,0.003418259974594513,1.3049642866083426e-08,0.3089532754356267,0.00357055399230783
1095,6,0.0016868740354290263,0.001199701501745692,0.0002155386365135366,1.295980927381852e-06,4.188810555464512e-05,0.9967054501230118,9.995506256742138e-05,4.929655425032964e-05
1096,3,0.00010931025497232813,0.0011100746142214892,0.7113415147030043,0.2484899778242156,0.0076898679854326,9.311293213795095e-10,0.023108588398855837,0.00815066528816841
1097,3,5.401501880185066e-05,7.814428741083496e-05,0.8739123886629273,0.009152630574159524,0.08888393318543093,2.1778871716409744e-10,0.001999683563799676,0.025919204489680957
1101,3,0.003495264001624154,0.00045756118810843,0.9560458022220091,0.0007612685746822241,0.030555315773025282,2.179302537022924e-08,0.0003198623241148191,0.0083649041234107
1103,3,0.007573941092349671,0.0014562391178305635,0.8516714323092823,0.014703320467441204,0.06371163731537405,1.0252732754917046e-09,0.00015718789508001985,0.06072624077736876
1108,7,3.886616742285736e-08,2.2593322582182622e-06,0.0002796293081696354,0.005776147253272153,0.00031820741478358604,1.5868227870118838e-09,0.993525609952752,9.810628577407697e-05
1113,3,0.0009716586643170548,0.0029046733833108687,0.8170981017619399,0.0536395913584537,0.026636031037767165,1.7403375361308696e-07,0.09126661954044209,0.007483150220015659
1119,3,0.00414340212856517,0.0034680720496890224,0.9735626800004602,0.0014203125441781506,0.005261273035396157,5.641400856888896e-06,0.009384864224554514,0.00275375461629998
1133,2,1.3007184120504866e-05,0.972743074580014,1.8155443803062237e-05,0.0026450407140934276,0.0004077768506117083,2.0964750015055343e-05,0.024147308523343982,4.67195399818216e-06
1140,3,0.0004448295401362367,0.0012735715030421872,0.616447761600979,0.16399523182408693,0.14696223789380455,7.593310222938063e-09,0.018053635227055814,0.05282272481758507
1151,3,0.0011115950398891997,0.0004560896172658339,0.9696002983722493,0.0016256926753746646,0.01969646893923955,6.224563770003745e-08,0.0018323409019679428,0.00567745220837603
1155,3,0.0001196352484148606,0.00012196380053332352,0.9594715198597195,0.008732589441291542,0.022610170541419568,1.5936257180458137e-09,0.0017860046035202452,0.007158114911475339
1160,3,0.0005993803014123164,0.0004547066224378867,0.7557481568458071,0.028534285525009355,0.12172909685076953,1.0910720665218964e-10,0.0005432952039195511,0.09239107854153691
1163,3,9.241035541770557e-05,0.0005414919230106634,0.697937737828835,0.16708416643966917,0.059763748600523185,1.1990944535435751e-08,0.037100438667586715,0.037479994194013086
1165,3,8.04429182437927e-05,5.6129998801896256e-05,0.8054400654967802,0.006813107905819535,0.16072399736753187,4.144907585982633e-10,0.002212163056352539,0.024674092841979352
1166,3,0.0033241048496162454,0.0017050613185036602,0.9768479987212851,0.007619269391268924,0.0030906960588182484,1.7024105264980207e-06,0.003955709289450201,0.003455457960531074
1167,7,5.284743565700534e-07,9.152719414324802e-06,0.004339970302850755,0.028944645025852585,0.002022044165622446,1.7994889930963607e-08,0.9641256865018619,0.000557954815151354
1169,7,5.8896127186048706e-06,0.00020025445171700082,0.036845620974334845,0.2671350347176594,0.00672414675787166,8.181013664249821e-09,0.6855376447166839,0.003551400588000922
1179,3,0.0001599189032989108,0.00033486391720730606,0.8537227786357627,0.03925217392556494,0.07021945730239265,2.755017713864022e-09,0.007042220143622212,0.029268584417133706
1184,3,0.006343921561556067,0.0016685393714230311,0.9469075222250023,0.0013327226215061713,0.032979331494994726,2.4235395329899922e-08,0.0007738350982970525,0.009994103391825222
1194,3,0.0023483548909596884,0.0010756259014970686,0.9766416014096605,0.001365845386139295,0.011938033728783569,6.829372958806573e-08,0.0014345319621747081,0.005195938427055736
1195,5,0.00038215210038311195,0.00037610187224653053,0.2972913918234949,0.05820560900484694,0.3715366784172819,1.5550796195226373e-10,0.0012696187992999495,0.2709384478269387
1201,3,0.00044529461849692246,0.0005309222978845181,0.7114938946428411,0.024367602090104693,0.21456417825123195,1.7357952295345508e-09,0.005539284279709294,0.04305882208393627
1204,3,0.001672894669252808,0.0012406623929914395,0.9829327322756577,0.0024322910208120383,0.003383765850807755,2.319997102024585e-06,0.006142811520734092,0.002192522272642131
1205,3,0.0014710705437158463,0.002088599513199258,0.9212298808571215,0.015363126023067015,0.009283771656446832,1.0320377313740546e-06,0.04832307187134962,0.0022394474973686206
1211,2,0.00821608023259993,0.9512558974927847,0.0017510748746838829,0.0008651133352826457,0.004901114634931686,0.01567420900864869,0.014820799022220341,0.002515711398847937
1219,8,0.04769992348035847,0.0008102065270493347,0.3145987621894898,0.002081052460832809,0.3066899327010389,2.635059870448826e-10,1.0105412903179113e-05,0.3281100169648215
1227,2,0.004956388963450365,0.9276798695920014,0.004795037259930191,0.00040254969066706416,0.002166785240708699,0.025828804951108925,0.031772256142809194,0.0023983081593241177
1232,6,0.01202897590611162,0.03946643256798091,0.003997060758525424,2.1622252299212335e-05,0.001012001587563655,0.9392563596430821,0.003561100870813467,0.0006564464136234492
1237,7,6.033770908420711e-07,1.2276071364713437e-05,0.004918466298063426,0.08619123448680634,0.0019814301646586007,1.85569082644883e-08,0.9056968900424587,0.001199081002649327
1241,3,5.5993585613204065e-05,0.0003219466009632458,0.8077768078238045,0.0629431687359326,0.06979437074468152,2.0931732267836768e-09,0.03607341324892377,0.023034297166907882
1244,3,0.0041104266939674785,0.002100567661670634,0.9177380359764927,0.005516090303795071,0.0573913098120603,1.950862184208779e-07,0.006148740916558511,0.006994633549236851
1246,3,0.0035247968410968113,0.0007174940329864145,0.8486899615057941,0.00957746332252739,0.11322720046739303,2.366635588939057e-08,0.0013786884476972927,0.02288437171614912
1247,4,6.016289594828276e-06,8.149017017274685e-05,0.005896587591410539,0.6680386996007979,0.0038679594895483158,6.088116151048113e-09,0.3162094066058659,0.005899834164493676
1248,3,0.0007794745630484606,0.0003986243824418823,0.9733699690366694,0.003266717125212319,0.015473691152292517,8.116287408311812e-09,0.0009824444872471336,0.005729071136800835
1266,3,0.0006298215521957124,0.00034279365905731424,0.9445471363556476,0.01589629205875388,0.0263830040063254,1.373642425608361e-08,0.0015356781819374076,0.010665260449658378
1273,3,0.001370312035721244,0.0009308504307602898,0.94624001906147,0.016664931017030857,0.02264520691594778,2.063903254375766e-08,0.0017562751877671981,0.010392384712269892
1277,7,9.967665470475873e-08,5.657884703211743e-06,0.0002436323791347173,0.028578850667426693,0.0002949237984833542,2.0435707157974854e-09,0.9707131061086147,0.0001637274414118422
1283,6,0.0070137835878050355,0.0008707320259100277,0.00010761374825238186,1.2959034088641477e-06,7.764900250182621e-05,0.9918448636195241,4.4614384490536404e-05,3.9447728107202755e-05
1284,7,0.017132040272924802,0.1294503117393181,0.11873922217449812,0.011141375749152404,0.16208673635151788,7.069070144708384e-05,0.5569820126981407,0.004397610313000976
1289,3,0.00012808461999279806,0.0002562348189486581,0.8058919528239034,0.048273612086855676,0.07988062299551899,2.1112211688597095e-10,0.0019115401644770348,0.0636579522791814
1292,3,5.847699415837289e-05,0.00020861460983348707,0.9538031229345022,0.020475141650201385,0.012549340311456292,3.369714744319926e-09,0.004796965655675677,0.008108334474457878
1294,3,0.00060179195710977,0.0006118495310354958,0.6729173215172168,0.05494418384959587,0.21304909738008074,2.4027205151574642e-09,0.004470489789083175,0.05340526357315761
1299,4,3.564468968358118e-06,0.00013634666928548947,0.008716382972778432,0.8481046872985525,0.003383878763442174,2.5897453958603687e-09,0.1327951019943165,0.006860035242911024
1307,3,0.00012984903555581984,0.0006900706830921613,0.8565864491778085,0.09624650746401979,0.016923434156701972,1.5652677288793796e-08,0.014580004670759665,0.014843669159384924
1310,3,0.0030213128227775683,0.0010689477075755463,0.9095255937542808,0.004171606793335114,0.06568177395640093,2.3757583079843997e-09,0.0007660453649029765,0.015764717224968756
1316,6,0.0008630550730143883,0.002731968923632761,0.0004892971771672634,3.322545324642075e-06,5.1728487099745017e-05,0.9955430855867963,0.00023594837971036497,8.159382725453342e-05
1317,3,0.001679037625637025,0.00038025564986019796,0.7251712935284623,0.017113720777538647,0.16825170494354474,1.0959171752987049e-09,0.0005520700473320579,0.08685191633170805
1323,6,0.006667992265786791,0.0006319965441027169,8.776689928672149e-05,7.732832885759955e-07,7.653809001018869e-05,0.992452833739186,4.313519198801969e-05,3.896398635086136e-05
1328,3,7.420480472714723e-05,0.0011757041873358414,0.6817015335493635,0.2613752904504459,0.007195263908807226,5.521438675473799e-09,0.04121925420477006,0.007258743373111642
1331,3,0.000615645077040149,0.00030909193691062173,0.9888300874005266,0.0019254185922276028,0.002010299103880322,2.4227893285456413e-09,0.00010079722753872968,0.006208658239086649
1334,7,0.0012336487166426755,0.02571568001314995,0.033494277462851337,0.005109355640265169,0.01588270640587262,1.1906196714375758e-05,0.9180658153788686,0.00048661018563539275
1338,6,0.0870893921902048,0.1476663391187999,0.006823330592365545,9.609335694343433e-05,0.006512207716543995,0.7418970361507189,0.008062643597721469,0.0018529572767020264
1345,7,0.0006559307945580279,0.004423172148399989,0.34118704031788544,0.023922322786947087,0.026095758120954514,1.97507914582337e-06,0.6002422144498863,0.003471586302222754
1346,3,0.0019322083830530133,0.0006603850632812069,0.8798746488165647,0.006175184039616277,0.09570486992695448,2.154159851337343e-08,0.0026776235018325014,0.012975058727099299
1352,7,3.414069150939765e-06,0.0002083609545726311,0.09942775537760068,0.31601610119552737,0.021734507215647035,1.0994418580195647e-08,0.5581982270558956,0.004411623137187139
1355,3,0.0016473520150774071,0.000810038083265489,0.9587530938509172,0.006199918957957951,0.023277941890004483,1.636983608337556e-08,0.0010733276108881834,0.00823831122205315
1359,7,3.514581742739398e-07,2.3594683043938875e-05,0.0017151832224873967,0.0622150309775147,0.0008002621760183606,1.8913183513168917e-09,0.9345417955492007,0.0007037800422422862
1363,2,6.519934851036882e-05,0.9785745919240629,9.614816149154446e-05,0.0026880946787575404,0.0014028549315056767,0.00017027078998001818,0.01694108163845801,6.175852723406474e-05
1367,3,0.007634575187311285,0.005242208240733887,0.964579788893074,0.0006326692590279559,0.01052253683979167,1.2027125718288424e-05,0.007955441261684945,0.003420753192657832
1372,3,0.001092953106702812,0.0021065605126646897,0.7701276666383882,0.08279825787269704,0.08120275226098546,1.1563595915124283e-07,0.02082812011807573,0.041843573854527104
1376,3,6.003033918838927e-05,0.0001120477861785539,0.9567507415965455,0.007624283827961448,0.02455393716387051,8.350640232811908e-10,0.0027132788932920475,0.008185679557899339
1379,3,0.00024570193110978706,0.00034812672166870497,0.9765755715016793,0.00881484511992725,0.00898187839316909,6.710582630269584e-09,0.002084557073098763,0.002949312548764534
1381,7,5.719483656119452e-07,1.1041018980918662e-05,0.004384119889654464,0.05919152541130101,0.0018569843820735177,1.5215089565031254e-08,0.9336198292259024,0.0009359129086323755
1383,3,7.209061619269243e-05,0.00011627300960167536,0.8742715945707383,0.01179912697083093,0.09610639574574499,1.874045263336415e-10,0.0027935389086772506,0.01484097999080953
1384,7,1.7184939534233752e-07,1.3307427951968103e-05,0.00015560583299259348,0.0031743435833427596,0.0004052782743503577,5.717739862627874e-09,0.9961853117832414,6.597553098545857e-05
1394,6,0.007372962060588148,0.005647470458365178,0.000605198608903882,5.901584686776458e-06,0.00028896822053318304,0.9855874413603896,0.0003268613088905933,0.0001651963976427144
1399,3,0.0003866868548734923,0.0024585265526160366,0.48893826504281557,0.47141650100962973,0.008967771008445138,8.291469422201162e-09,0.01140563643481603,0.01642660480533445
1400,3,0.0007984657622152555,0.0005169916594272356,0.940584835069445,0.005770849216769873,0.04232741713305094,2.7252883962433217e-08,0.003149035363195,0.006852378543012632
1407,3,0.019977641090880478,0.0020897326515430348,0.879804325418319,0.000848095250294933,0.06762675908521866,4.2466740988962955e-08,0.00019427519072903458,0.029459128846273823
1423,6,0.01729964427467578,0.0019219667793772025,0.00011000286945554056,1.419662717798065e-06,0.0004945409044660371,0.9800320272710382,5.463291867465275e-05,8.576531959477312e-05
1425,3,0.00032453453743719644,0.0015700008629863297,0.4468238175606683,0.23449002859117077,0.15367620584461011,5.791844579103169e-08,0.10503649329502132,0.058078861389660175
1426,3,0.010222606900604734,0.00047238417817171773,0.5601626274911046,0.00266194306865997,0.39812741686098224,7.2079090593097465e-09,0.0006152708913141588,0.027737743401253383
1431,3,0.0003044142489213708,0.0022966122142310326,0.45677046354341816,0.0020278220770259545,0.33325937743126155,8.95547558818957e-08,0.20389544844318605,0.0014457724871999224
1433,2,3.819020588901967e-05,0.9572080064007942,8.674465410314206e-05,0.006044179373012243,0.0009376835338616109,6.565127532210848e-05,0.03559522115234666,2.432340467115151e-05
1434,7,3.5872366777900557e-06,3.67967576964998e-05,0.008621563694188726,0.1088275695567179,0.0042596459457998875,7.954035538320902e-08,0.8762484085084176,0.002002348760146172
1436,7,0.0001253514891565251,0.0017600174508151847,0.23943079169267228,0.0012324581269205941,0.1489650697052472,1.449342454447617e-07,0.6079849902965475,0.0005011763043953259
1442,7,1.058294312950568e-06,1.4152653909601983e-05,0.0044348792524097035,0.05074019739883328,0.0024649064654803034,2.228562338573701e-08,0.9416973830838397,0.0006474005655913456
1444,2,0.011024468872729058,0.9590318024322183,0.0018066910979017976,0.0005285413710189173,0.007871262033106678,0.00602006696147527,0.011786201769565205,0.0019309654619848132
1445,7,5.9161811691866076e-05,0.0060473422546751055,0.004203104983807961,0.015181052256643814,0.0037107234064043025,1.194164365900418e-06,0.9703358719505235,0.00046154917188753167
1447,3,0.004157564525665134,0.0006995256077862958,0.8573507527663454,0.010130913562695472,0.08391151391981916,1.281245301105826e-09,0.0002757501643118507,0.04347397817213131
1448,6,0.055953402962100655,0.009742859107079163,0.0006446353793504137,1.0474815821286066e-05,0.0020052834609818973,0.9309809224120129,0.0003805229961833874,0.00028189886647022965
1449,4,7.923515617074523e-06,0.00030105788609319684,0.012780117565034756,0.9503026313768388,0.0022650839851639073,7.118049559179612e-10,0.02840879861364782,0.005934386345799367
1462,6,0.01462903727221526,0.0014170338790097609,0.0001853326244919576,1.0466696807568682e-06,0.0002548210379394983,0.9833459408520103,7.45118816404026e-05,9.227578301202102e-05
1466,3,0.002351166422553117,0.0012798755454362318,0.6689874297686209,0.03087201734839034,0.1634365258165395,1.6003322043728814e-10,0.0003946082468187707,0.13267837669160795
1467,4,0.0002850119890329136,0.002149229004487729,0.21836686492838622,0.39350806453427034,0.022920825440687652,4.828293733873773e-07,0.3431818961345787,0.01958762513918299
1471,3,0.0010881046717489652,0.0010501248323702517,0.9171714702672024,0.003936188786939502,0.05145897854136473,1.7970608891017617e-07,0.021989345702192704,0.0033056074920925866
1473,7,1.4298617655331469e-05,0.00020656510379913568,0.025830521580850058,0.050145539267363495,0.009887180306576584,1.6650994126489364e-07,0.9110530046509241,0.002862723962890111
1477,3,4.841731270844396e-05,0.00011043489056417311,0.9518224328079455,0.0064003905133443,0.02935563741561256,2.0996181208579188e-09,0.004966892440041057,0.007295792520166032
1479,3,2.2957136818441556e-05,0.0003530881804646778,0.8820635864124422,0.08099675175090812,0.008821481436290234,2.916836193057587e-09,0.017226898795668705,0.01051523337057139
1481,3,7.629570424701669e-05,0.0002777428017128582,0.8770756023768232,0.04292602787141388,0.03764263736638417,1.876057078734492e-08,0.022428079293370224,0.019573595825477796
1490,7,1.7722335513033252e-07,8.483506229349525e-06,0.004375814807815558,0.017534223345273072,0.0014312300295970797,5.2958041898891285e-09,0.9759912003925978,0.0006588653993278711
1491,7,3.631913241208256e-05,0.0008730866847504226,0.0744191573227511,0.15369551335605058,0.014567367098518467,2.044072057696229e-08,0.7500452823439359,0.006363253620860875
1498,7,3.137304891876131e-05,0.0006046282886180818,0.055481886358192616,0.31171653652328396,0.008954676155234377,7.001195825294067e-08,0.6158516055913807,0.00735922402241317
1514,3,0.0008653964540577924,0.0004836368807298725,0.7594341868897913,0.024007795510057103,0.1419916022102025,8.115972403813525e-10,0.0011444666506311523,0.07207291459293308
1519,7,1.6927845189675824e-05,0.0003371095494504638,0.017206631266020983,0.2073453142065054,0.006490743829776777,5.0871739340326906e-08,0.7642122307317435,0.004390991699573889
1520,3,0.0037785230052280352,0.0003674084163372039,0.9142538958218878,0.0008634849909209602,0.06685265059370396,2.139731964041704e-09,0.0002056840769435498,0.01367835095524665
1521,3,0.00908726191370793,0.001048896773403579,0.890454874105847,0.0009681364255109603,0.07741221566933613,5.968933241505419e-09,0.00021705180559025169,0.020811557337670906
1522,3,0.0002329566169262651,0.00022468934765686532,0.9597788535568296,0.010861979720837812,0.019011476130759895,3.078393947100169e-09,0.0015098860291320865,0.008380155519463387
1529,3,0.03737490553033112,0.003547961757356272,0.8614785037702788,0.0014902345531574036,0.07065497123376634,5.607190556883212e-08,0.00028262250830655484,0.025170744574897732
1530,6,0.0007877347053919303,0.002541241280876027,0.0003858582807984999,2.3666222553092584e-06,4.683057736133159e-05,0.9959978476713941,0.00016101646944604212,7.710439247658138e-05
1534,3,3.3609406294551466e-05,0.00033929496061326766,0.6499963246507753,0.11405283446511509,0.08504510552867445,5.612505375706528e-09,0.1253416784884887,0.02519114688753335
1536,3,0.00030738507866965773,0.00022070184031304735,0.9694087242554196,0.003896045372946472,0.016551125121611842,1.028586802582488e-09,0.0006735660601651736,0.008942451242287493
1538,6,0.0030162873851281545,0.024036671637898913,0.002420313031857082,2.012066791940418e-05,0.0002197843729799674,0.9673983209111024,0.002493697107049034,0.00039480488606498555
1539,3,1.3296524200370078e-05,0.0001325299227457115,0.9056386157772899,0.007089855834707803,0.015456436928649307,1.1900278572818715e-08,0.06786531197788397,0.003803941134244315
1540,4,4.064407138038269e-06,0.00016956450226654368,0.017501227556202592,0.6877279945143995,0.003868896809695908,5.6200886411749144e-09,0.28509738290427333,0.005630863685935565
1543,6,0.026305791742299002,0.019225811048899265,0.0019530555370457403,2.1215164799415816e-05,0.001213829686202729,0.9495082591584403,0.0013849149529808551,0.0003871227093326772
1546,6,0.031186552464352486,0.0019303755765408522,0.0002275434557947084,1.7925462120965286e-06,0.001292754492747875,0.9650950869076504,0.00010601212339096035,0.00015988243331065876
1548,3,0.00022619211925839456,0.0008858009188978296,0.8373836594200238,0.061998892224425096,0.041423540354188756,4.5604797250851675e-08,0.036869720012220907,0.021212149346188043
1559,7,4.317195970528496e-06,5.0014516744449096e-05,0.0128110430185747,0.03693850766988439,0.0043081512684393,1.7397084825333108e-07,0.944667100336637,0.0012206920229011937
1563,3,0.005362150141843114,0.0011126099885004318,0.6034811280915285,0.0007798009087775107,0.3771640421554494,3.7999299275807197e-08,0.006385159841230341,0.005715070873371422
1565,3,0.00281606295640132,0.0003502029259609887,0.8870384407828568,0.004420732570048466,0.038735009551822366,3.453539305832631e-10,3.275312343755189e-05,0.06660679774411869
1567,6,0.006164043016492301,0.0026792328703242104,0.0003142812904699526,2.5508690384764435e-06,0.0001086178574934063,0.990498839013749,0.00014399379899570215,8.844128343705043e-05
1573,3,0.0009733544747532266,0.00033739255701447827,0.8735991747505814,0.005941234322671097,0.09797805427442481,1.4543073480611449e-08,0.00229768778155528,0.01887308729592627
1582,6,0.004235316177578902,0.021948108552280785,0.0026051160781707743,2.5147222360904668e-05,0.0003143777918178489,0.9686349463074884,0.0019513944307163475,0.00028559343958605717
1585,4,9.034807758492044e-06,0.000167362489840445,0.013643474344065704,0.9459394872139854,0.00418588007767836,2.2147523698165376e-09,0.026863865692532112,0.009190893159387115
1591,3,0.004940581374135745,0.002715618298301028,0.9747011198573119,0.00017700177507554412,0.007842987869556006,8.446096053235279e-08,0.00040900092432261505,0.009213605440336486
1603,7,3.525167586658042e-05,0.0007084108121808449,0.016895113010013167,0.05629843098513551,0.00726256854838388,2.0263157838889494e-07,0.916244271646239,0.0025557506906026006
1612,7,2.8495765075033703e-06,3.9723740107796554e-05,0.0037395897939211356,0.28793784514133397,0.0039054365824207713,1.981246446717145e-08,0.7013261747926868,0.0030483605605574763
1618,3,0.0011156747268720349,0.0009342256998532911,0.9482923344691082,0.010072067381712846,0.029914260001179294,3.809210903270832e-08,0.004404364786889217,0.005267034842276086
1624,3,0.09179153937840802,0.05054709693246382,0.8364419693578026,0.0005354204246157528,0.008327577784201038,0.00011054506368570778,0.006847025003630716,0.005398826055192583
1628,7,7.865722672999839e-08,3.296487998307509e-06,0.0005935830442600433,0.00975443320018599,0.000497422979350142,2.3279094843362216e-09,0.9890057192594823,0.00014546404358693816
1639,3,0.0021732894862192356,0.00041608304620716416,0.9731886418009084,0.00047267963239225834,0.017465602587061996,1.588011906724895e-07,0.0007483498728180782,0.005535194773202374
1641,3,0.001546276565109352,0.0003511661961784956,0.9244541307735644,0.002033338976490015,0.05408408746492264,1.1535984640904987e-09,0.0004089550637257535,0.01712204380641071
1647,6,0.014808335050555916,0.1495508186299231,0.005927582869786813,0.00010778326858672644,0.001715973691604355,0.8163634667333047,0.01021185546445537,0.0013141842917829946
1649,3,9.525945553628184e-05,0.00044618455312115773,0.6597545502361074,0.15850354426586377,0.07479404221636937,1.456575862429512e-08,0.07673035592442182,0.02967604878282151
1655,3,6.304272586557398e-05,0.0007098200046550102,0.5161042485962246,0.05901548622708163,0.2471729484401863,1.831351596065519e-09,0.15300906387008037,0.023925388304554988
1656,3,0.00035187960371886216,0.0004998820040145734,0.6414660729985608,0.09516381340582732,0.17861924652724467,2.9776244207570727e-09,0.006478238440980113,0.07742086404202923
1660,3,0.0005508244401833341,0.0010280809825861973,0.8474424031179362,0.05178795852637251,0.058262303893796476,6.317737330942106e-09,0.005628783338618695,0.03529963938276949
1662,3,0.0004972358516957624,0.00047987581824921653,0.7082016183183338,0.014385441600425448,0.2411207408132869,3.973745528251376e-09,0.007126233368516582,0.02818885025574672
1663,2,0.3184688088954884,0.43112306170960074,0.14917373416391866,0.011845933817340169,0.02442407630133908,0.0026478076684242832,0.04572665514121648,0.016589922302672172
1664,3,0.013741893364950367,0.0016679316136344348,0.5510966345801892,0.006837700159239081,0.34009676620436663,4.000582417959986e-09,0.0005574887374158236,0.08600158133962191
1665,7,6.288667015129582e-05,0.0009987278693516133,0.19354375622637138,0.023981001636605298,0.01490540769396944,5.6626438955121764e-08,0.764404505628433,0.0021036576486789384
1668,3,0.001866850098008203,0.0008704055417177813,0.9474098609396546,0.003908286253120037,0.03662610288383816,7.3175222202127e-08,0.004331709579061464,0.00498671152937751
1671,6,0.003735538585912466,0.001204089421906668,0.00023839443718793747,1.1544727634349503e-06,9.615839836226736e-05,0.9945650313080724,9.936147115091235e-05,6.0271904644104215e-05
1673,3,0.0008726631640291905,0.0002915416452362726,0.9808626998223667,0.0032016217808441593,0.005533252409253472,2.370946491394722e-09,0.00013269977546424136,0.00910551903185947
1675,3,0.0006272576311987303,0.0008998222023504122,0.9041451139124898,0.0016149923206046244,0.060274892941676615,1.642203305519446e-07,0.03070207430145603,0.001735682469893218
1681,3,0.0002566467868864954,0.00035047896372501064,0.9453186121150584,0.03145942382088075,0.011666377058171312,1.1777044154796009e-09,0.0009918791179787802,0.009956580959594709
1686,3,0.000262569679756565,0.0003674260138537475,0.9664983098068594,0.006271106022315439,0.01934679429587227,3.971788832808728e-09,0.002527026220684871,0.004726763988869005
1691,6,0.024847655422528623,0.07720726142442677,0.004587063969607286,6.435111214915313e-05,0.002134323908492529,0.8854429981631098,0.004556237452977114,0.0011601085467089025
1694,3,0.05186127518325614,0.019817613234549853,0.8993218798896453,0.0002820208062486432,0.020327415030807587,1.790172743623685e-05,0.0029928909832386288,0.005379003144817695
1696,3,6.850666485118096e-05,0.00021276457076030357,0.9277237556378293,0.020799992871207065,0.02860084568634411,2.5726600847992895e-10,0.0021448143029712736,0.020449320008771043
1701,7,0.0006990370502983612,0.006212398809353165,0.05202373764916988,0.012599008800953788,0.006997017845395982,2.0006263555037758e-06,0.9208636762048695,0.0006031230136037208
1703,3,0.0003697264162805407,0.0003613536251185911,0.9195333364646625,0.017637052562516384,0.03097010748574508,1.027285073454134e-09,0.0008644979688763923,0.030263924449515364
1706,3,0.00024970160094358684,0.00011416515191360575,0.9299919334771005,0.004259619227491404,0.05569936487253299,7.34708684414581e-10,0.0009666579837845316,0.008718556951524419
1708,3,0.0001689634386326737,0.00040867720198326413,0.9400378496511665,0.03271248836189109,0.014695603911095255,6.275384838897557e-09,0.004109239531760696,0.007867171628085763
1715,3,0.11598707130836391,0.06244963113861249,0.7995131630832584,0.0016714594676099763,0.006322591541676408,0.00010629125371519012,0.007132363191543652,0.006817429015219907
1719,7,3.321489397513996e-07,8.678195845271131e-06,0.0029541963409318293,0.04239743161990215,0.0009417141908640594,1.0230531628341895e-08,0.953250332968102,0.00044730430488314237
1722,7,4.74059707627352e-06,0.0002787680367858783,0.2932359232296487,0.12332761718157094,0.06987070449208314,7.51532135449812e-09,0.5025569679335812,0.01072527101393241
1733,3,0.002781859437494702,0.0003753119213020883,0.9542841606498276,0.0007573857339320567,0.014760013818724112,1.3339484689746126e-09,3.569341607990053e-05,0.02700557368869095
1735,2,2.346554346283659e-06,0.9990740441205183,7.268684886082678e-08,0.00024292223013673523,4.487815678567967e-05,7.736698981663735e-07,0.0006348979581597677,6.46233060587525e-08
1736,5,0.0012926057486742706,0.00027940669679307295,0.3831111031356685,0.0106448583489446,0.4508555184298151,4.861318529544897e-10,0.0005422458672941008,0.15327426128667848
1740,3,0.000569473528371537,0.0005903506177867927,0.7173230928957426,0.054605816051601586,0.1501806170082114,1.4186902156407473e-08,0.006810472952626956,0.0699201627587568
1752,6,0.0026268332335202442,0.0018525669571660688,0.0003383319095736752,2.2454460997704203e-06,8.917757151109144e-05,0.9948543789823001,0.00014934576218410993,8.712013764485158e-05
1754,3,0.0035343975006615924,0.0011489421150238772,0.7055675339543988,0.04316179907020982,0.1706421746549565,2.8681244279033007e-08,0.0027569219789446145,0.07318820204456064
1755,4,6.29584962408056e-05,0.0013997034705735816,0.3010536519937158,0.6400767850155424,0.020332622276087814,4.308852515046903e-10,0.01571344685610803,0.021360831460846327
1763,3,0.00016091801559508172,0.0003135413537382821,0.9630605692913067,0.005322172410637709,0.017042075861392073,1.266250080507627e-08,0.011894053428676022,0.002206656976153394
1766,3,0.0055222782576869805,0.0014491537758095057,0.8697753872285441,0.021002783269461187,0.08257423445855852,6.234060706039895e-08,0.0023559504332505607,0.01732015023608213
1775,3,0.0012672901046040018,0.00033503320369783853,0.983561185858515,0.001048101150360581,0.008046325007327595,7.87937969772724e-09,0.00022700142452738374,0.005515055371587785
1777,6,0.03866371014641817,0.017909952319818793,0.0006689119720519478,9.743459346738326e-06,0.0021073781522880065,0.9393979991430484,0.0008120837510784756,0.00043022105594941416
1791,7,0.00011300130700193638,0.4563119926063591,0.00048497887993558696,0.014477832617013858,0.00691886501312738,7.373027081737544e-06,0.5215777439516713,0.00010821259780914793
1797,3,0.00035804582571758055,0.00025309694352590814,0.9510974641567891,0.008672084296452066,0.028891011583108087,1.8697549005105987e-09,0.001587091776835338,0.009141203547817127
1798,3,0.0032031267123136978,0.002718972234801235,0.9395673567792868,0.013388397840412467,0.0241377454315764,8.129449956555703e-07,0.011909632985003358,0.005073955071610448
1801,7,1.52427735576521e-06,2.0074702713955098e-05,0.0015658639121555037,0.0842171035684696,0.0014821806355961955,1.2207007472736723e-08,0.9120644388879332,0.0006488018087683884
1805,7,1.3589828198434247e-05,0.002908364635884015,0.0008647500672614248,0.003168369476551168,0.0005949249066158317,1.820412421323121e-07,0.9924274634972412,2.235554700562346e-05
1810,3,0.0020309518269250298,0.00030838017326204737,0.7337313120850024,0.002602352178079046,0.2359369617020445,2.212527549468057e-08,0.0027178371745064183,0.022672182734904914
1811,3,0.0005880932347831352,0.0006960123094578548,0.9288165042088501,0.004122549869086726,0.04724208711799399,4.7658689397032487e-08,0.014659778695315314,0.0038749269058234123
1819,3,0.0007287072668207,0.00041946259427632276,0.9389630491370646,0.010407174721841638,0.04026856357898506,2.5946251515924264e-09,0.0015495994219475548,0.007663440684439006
1820,3,0.0003917879246924714,0.00013479783470020945,0.9068228247037138,0.005939593000572592,0.06488592406609929,1.446223617709808e-09,0.0007775144410801473,0.02104755658291794
1821,7,1.238521650513567e-06,8.740106197945992e-05,0.00030227821997278365,0.0386093964130377,0.00024077371392758874,3.5607278286977964e-08,0.9606746485228213,8.422793933228863e-05
1822,3,0.024116570536924616,0.0019129522919439162,0.8216354224269264,0.00225686205470969,0.11309898898819411,9.386977966136135e-08,0.00041608273778258515,0.03656302709373882
1827,6,0.018332206101804204,0.16638059048915033,0.01123505646981363,9.763449388488886e-05,0.0026122853403737815,0.7875026758695863,0.012235783225379996,0.0016037680100069085
1828,3,0.004103626813216232,0.0008451158989840631,0.987086149424833,0.0007462421752809625,0.003521593047954529,3.121901883683269e-07,0.0005473115160499046,0.0031496489334931306
1831,7,9.368809036295845e-06,0.0005911198716784401,0.0008207471284110486,0.0003592378167897439,0.0009721725213708912,9.666011091971481e-08,0.9972324238762789,1.4833316323906327e-05
1834,6,0.0016397757877285102,0.0004074423776118344,7.37127763092243e-05,6.0909579941558e-07,3.530830324343215e-05,0.9978027340949228,2.133724848117076e-05,1.9080315903489098e-05
1837,3,0.0005279870952786196,0.0002138099644947032,0.9181816376007481,0.01693346610963909,0.03615063095629797,5.96817642355731e-10,0.00042688233480972585,0.027565585341914087
1840,3,0.0002639415386904628,0.00026762748174115244,0.985640571836633,0.0026894854959451267,0.006999817692318975,4.963401021849904e-09,0.0012082849460997571,0.002930266045170586
1851,3,0.0017548407691461965,0.0006781223382291632,0.9492662845256473,0.011591301065435149,0.019825110907477444,1.145455755485104e-08,0.0006980058108075495,0.016186323128699505
1856,3,0.00019194911577474072,0.0008936433923745462,0.8569453511113824,0.06938128828370389,0.029953490036651174,2.755683939669054e-08,0.022096006310959187,0.02053824419231486
1861,3,8.044034069997523e-05,0.00019302054344344911,0.9076143598842977,0.017093206439956057,0.04581507638268294,1.5388803596151054e-10,0.0015942265263545158,0.027609669728677153
1863,4,1.160526560472393e-05,0.0003554956730506696,0.0528997081494397,0.8189585083356244,0.012625290498362737,3.477224149332826e-09,0.10069228981246028,0.014457098788233346
1867,5,0.0012415619443982002,0.000606422734200839,0.2615201501108178,0.03528493013656642,0.45484232534679436,1.8699439675900534e-10,0.0005429246014712606,0.24596168493875667
1871,3,0.004820427314075563,0.001264912930241418,0.9752358100614591,0.00027210008995456935,0.011984075737301333,1.1211760875384158e-07,0.00037859878986045244,0.006043962959498871
1879,6,0.017879343417912245,0.002420353810307987,0.00018880250385249134,1.7829646841759534e-06,0.00041276684313921417,0.9788623814588727,0.0001380907652971339,9.647823593373722e-05
1882,3,0.0016138720656802355,0.0004390516613348514,0.9864931833489248,0.0008675271333485843,0.005627870055490135,3.355597538270227e-08,0.0003445373167366321,0.004613924862509479
1885,3,0.00040672793303960165,0.0032170490318963077,0.6538135566522153,0.07664897577253225,0.04804088542964579,2.542049537408968e-07,0.2057574688610115,0.01211508211470544
1886,3,0.0009897308876928666,0.0010183788227190948,0.9708829343886465,0.001965609891244335,0.009686991123709084,3.6701427906795355e-07,0.012860659493707923,0.0025953283780011773
1888,7,1.9186209782975393e-05,0.0004889709236149709,0.11728270042503651,0.11790651616486678,0.05137543952180804,3.278759725509576e-08,0.6993081995696667,0.01361895439762678
1893,3,0.0006706219522878847,0.00036551259279388805,0.9805404041074686,0.0026612441225167143,0.01084279297113689,8.958119992484586e-09,0.0008629935440911627,0.004056421751584849
1894,3,0.002333166422069129,0.0008744059566144118,0.8968261602891747,0.009762177037103454,0.06322104107006048,1.69493976994685e-08,0.0015273509746885094,0.02545568130089158
1898,6,0.05652451459623001,0.0016860141181299039,0.00025966072185355744,2.4961578693666144e-06,0.0009213252254133546,0.9403288654883822,0.0001422970409797609,0.00013482665114166072
1901,3,0.004017913746308328,0.0009655245277845909,0.9621680320571331,0.000817839079070872,0.024520909507182075,9.9648022134058e-08,0.0009490904815305181,0.006560590952968197
1902,3,0.00028894371602133874,0.00010174284319079163,0.9182959119140127,0.004253907063041349,0.04099238890914352,2.556697136935324e-10,0.0002048888777009445,0.03586221642121953
1905,3,0.002564886203558974,0.0006587329770854376,0.9647993046102621,0.00040740937454131204,0.02464174794264848,7.310298453204167e-08,0.0010061733686420184,0.0059216724202772195
1906,7,4.877846762464429e-07,2.617993696559581e-05,0.0007004431319636298,0.04915493547701882,0.0005217670286912956,3.198264061592455e-09,0.9492758052054642,0.0003203782369562862
1909,6,0.03412095051090207,0.04208272205430067,0.0024233078762955816,3.222772451887362e-05,0.0019921106265798926,0.9154307151345771,0.0031928821487256474,0.0007250839241000808
1911,7,8.115271651254481e-07,1.3772179928269788e-05,0.003890688383677101,0.027608902193138826,0.0023002557866919804,1.031485680569822e-08,0.9655148119699934,0.0006707476445484262
1912,7,7.383008624274364e-05,0.06250288057975815,0.0011209116432027446,0.004646968784820043,0.003313276738739447,7.380632708488171e-06,0.9282804961455877,5.4255388940700876e-05
1913,3,0.0019109825845722854,0.0008367173111088973,0.9590132794659534,0.0027972308066095677,0.028251552516582828,1.2904782108174142e-07,0.003571263630162998,0.0036188446371890636
1915,2,0.005007213849729943,0.9651479025846698,0.0014066577847226488,0.0011354198777609888,0.005773475600254521,0.005205792246075316,0.014658347624010876,0.001665190432775951
1924,6,0.0007742642179364027,0.0007418268120111569,0.00016759293908500208,9.937750923914743e-07,2.782171330248591e-05,0.9982070937715073,5.324318950273503e-05,2.716358156244902e-05
1930,3,0.029128607505007936,0.002798257103864117,0.7083749474321502,0.0011144403239912752,0.23963269063776604,2.0198902173335702e-07,0.0012624567296873905,0.017688398278511222
1932,7,2.3593981414250565e-06,1.920540416834198e-05,0.0018756422576161292,0.0751135060089621,0.0027319978445506958,1.7497974909299124e-08,0.9192548100750637,0.0010024615135228406
1933,3,0.000834469042844306,0.0006576504056760585,0.8584530492800283,0.05204030229243403,0.06135041637438545,5.098530869766963e-09,0.0023670753033700875,0.024297032202730995
1940,3,0.09254874500171115,0.023679548359454114,0.7744883072837819,0.00043284131072945345,0.0907701919508498,1.8062050605060428e-06,0.002097116913047718,0.01598144297536538
1941,7,0.0009843145289267898,0.007913921852578321,0.17263031402203724,0.0164116592378423,0.024300705774402485,1.7394190694153209e-06,0.7763077238667898,0.001449621298353631
1944,3,0.004882232053094731,0.0014102943029378407,0.964022792297229,0.0002643543049688261,0.019554554239019015,3.117426402757517e-08,0.0003067073740749641,0.009559034254411725
1946,3,6.810770557687632e-05,0.00010248476476186437,0.9721247592037543,0.003941869052087838,0.01696737616275515,1.7785079008139394e-09,0.0030062609646089966,0.0037891403679472233
1949,3,0.0020413615484084656,0.0012258963426482808,0.42196265188797766,0.06171751755580454,0.28421400401227115,1.4480970595133788e-10,0.0006129182743204596,0.22822565023375976
1953,3,0.0008041349675988722,0.0004681499642263286,0.9550305249465678,0.006280823881495548,0.0284007586190501,1.3209637626663152e-08,0.0021680542395926096,0.0068475401718309055
1958,3,0.00019245896585430876,0.00024866430647527057,0.9340971605888642,0.01213653801826739,0.03511237181415933,6.008387935057506e-10,0.0012106042218166654,0.017002201483724163
1962,5,0.0775787837695792,0.002442157896721848,0.3000459900109762,0.0019348936883497208,0.5852759135966152,2.4362860774170514e-08,0.0002528268819965515,0.03246940979290034
1967,3,6.025350525807676e-05,0.00036827712766229976,0.7961691446611223,0.12978857531501892,0.02986162593132766,5.997536862027316e-09,0.021100123469044992,0.02265199399302885
1975,6,0.1946535757471615,0.0006087412094994614,0.00014530343766591667,1.0795353266463637e-06,0.00429710068677495,0.8000011746509105,5.9351366489934607e-05,0.00023367336617099297
1976,3,5.860656245882795e-05,0.0002127369574162569,0.6887276642658301,0.07512266614863701,0.04963780142416467,2.2879298087645727e-07,0.17133660171740409,0.014903694131108172
1979,3,0.33470879959872357,0.013833387685905736,0.6079306007869454,0.0004905178025343708,0.021779750185785447,1.3527889568368774e-05,0.0004127346326148492,0.020830681417922183
1986,7,3.653260648707031e-07,1.3250166722810105e-05,0.00027472162856877376,0.06757468101120756,0.0006591872711017536,2.763318781835385e-09,0.9311111133818302,0.0003666784511853648
1991,3,9.31348298486648e-05,0.00019770119449971798,0.9259729218513855,0.022335647657334853,0.024330687475638588,2.3052296797959845e-10,0.0010369128557497934,0.02603299390502007
1993,3,0.0017967373599892863,0.000280931156700623,0.9484112240490723,0.0007776733034445685,0.0383153112359816,5.086263118407156e-09,0.00021126239138920749,0.010206855417159173
1994,2,0.00017140115346328823,0.7636228863017979,0.00048012279848670247,0.009098892896723946,0.0034350683386009497,0.00012308152761600707,0.22298416065325843,8.438633005298685e-05
1996,3,0.00018479388707529564,0.00020277844661728428,0.913274923482186,0.021206692846249812,0.036980408182138644,9.399174903151947e-10,0.0012095324780477556,0.02694086973776749
1997,6,0.37169438497385326,0.001734891623779562,0.00026878897307317114,1.2535651244534814e-06,0.019615146676596744,0.6058162201208686,7.973618049652513e-05,0.0007895778862076883
1999,3,0.001181671854812776,0.0011329731678417798,0.8771284666151311,0.04343874391259194,0.04473237263121983,1.25796595141471e-07,0.010753983982003907,0.021631662039803403
2001,6,0.004630901701056888,0.00783879704860691,0.0009317237975485128,6.271429871277611e-06,0.0003476041437350372,0.9855380479395693,0.0005050637186585442,0.0002015902209535865
2003,3,0.01288372519617471,0.0019224750539151053,0.9438155842876647,0.0009620546310557024,0.028613304926050367,8.073016256286733e-08,0.00042470233765968445,0.01137807283731718
2005,6,0.002150024160538451,0.012421704329150511,0.0019783132004697443,9.742751997621499e-06,0.00012483496092988576,0.9817380917556476,0.0013893884332507335,0.00018790040801543525
2006,7,3.0617524865843505e-06,3.826778497843352e-05,0.013466427540488159,0.006026978332878824,0.005088031121042646,1.7027015669257576e-07,0.974667419191654,0.0007096440063146874
2011,3,0.0019377613683469678,0.0008549364410500335,0.9585154683417512,0.002024859215585198,0.02470374867917152,1.6008512129088603e-08,0.0008260334304133854,0.011137176515169612
2012,6,0.018550294704423473,0.030505335864785273,0.00251120154460929,3.686840722148665e-05,0.0007003050800915094,0.9446155233754904,0.0026892195383381866,0.0003912514850405488
2015,6,0.008469935529468323,0.0019374393528806071,0.00016600379742260827,1.7417209705236756e-06,0.00023458569188856355,0.9890390122730286,8.628904192784297e-05,6.499259241276837e-05
2020,3,0.0060083585368909615,0.0010431875730728278,0.9468670122136776,0.0015734976858551382,0.03049622325642986,5.0839519500698684e-08,0.0005459301237080626,0.013465739770846112
2022,3,0.00911397917237845,0.0010870661517202928,0.926551469697354,0.0013546077132047583,0.04953262444038177,3.7477284275414884e-08,0.000406567986126794,0.011953647361549675
2027,3,0.0003732630268145437,0.00034697848879202146,0.9109066707681834,0.009980921185845131,0.050777631421733777,5.448777091622911e-08,0.00963331597049768,0.017981164650362525
2029,6,0.04430010507664903,0.003674817999489084,0.00029015051344006643,3.3190908211091497e-06,0.0013610823128506798,0.9500351302738912,0.00014569379907624966,0.00018970093378237727
2031,3,0.0008294327633747907,0.0007893273630767866,0.8534648217693177,0.034721765177770224,0.0712359493316477,3.704266810848874e-08,0.007955010549674119,0.031003656002470653
2034,3,0.0037052452867526015,0.003506104878861256,0.9340429957438886,0.00472700344328912,0.017133530193841943,5.669389258016983e-06,0.034240602181761,0.0026388488823473905
2041,2,0.001576512340145194,0.7377435020177908,0.0052863424428626765,0.02630928852584381,0.0056105268126461355,0.0007734259597088491,0.221737199401107,0.0009632024998953918
2050,3,0.00033997185892136903,0.0001705401139602276,0.8891522327419875,0.00615928933624313,0.051290029001401505,6.559732563119441e-11,0.00024273384123211353,0.05264520304065668
2054,7,1.764046618746667e-07,6.070554831030901e-06,0.000968678092004502,0.02263739039889617,0.0006440301220083199,4.139528497517311e-09,0.975493648066291,0.00025000222177869446
2057,7,4.522861822227239e-06,0.00015521703558939192,0.06467901795895512,0.11921596270198775,0.02463822744184094,1.2060914920417399e-08,0.7850614663304407,0.006245573608448945
2059,3,9.684319543467282e-05,0.0003183612791683123,0.9088522981941195,0.02544498153152583,0.03880037840213102,4.317556242363711e-09,0.00990350228963463,0.016583630790429613
2069,3,0.00035146126043933553,0.00025438917929315746,0.9265546209227702,0.006807824879888371,0.04814374481497846,2.7573190217620495e-08,0.00502642065853932,0.012861510710900886
2078,7,0.00013101783275379524,0.0022610962339749043,0.0766017597972666,0.0029466836140425597,0.0315992445101518,2.5223926325591217e-07,0.8858300407072602,0.0006299050652866999
2082,3,9.676386092136502e-05,0.00020264234764449165,0.925396929979544,0.0374143278017308,0.020105445855566784,6.990494643585088e-10,0.001647316102361553,0.015136573353181568
2094,5,0.019784834257068316,0.002404707519698159,0.29839695174194975,0.0009290908770166393,0.6631454508426812,3.6048599634289773e-07,0.007169344344575349,0.008169259931014314
2096,3,0.004484621378495102,0.0005055705669292668,0.9427685775927,0.002291223783494947,0.03606685549008186,4.838810540424663e-09,0.00019496017698578035,0.013688186172502436
2105,6,0.007086297493717327,0.0012968960990533138,0.00018411004722301738,1.5156357454869346e-06,0.0001593543533442934,0.9911480978748896,6.119899828129845e-05,6.252949774587605e-05
2108,3,0.00046930235763732226,0.0005924091290317553,0.8268901604698756,0.051169926277863945,0.0721643664711624,1.0200784227173907e-09,0.0021697681201749723,0.046544066154175584
2115,3,0.0017976942261788227,0.0005841020746794063,0.9910602086046271,0.0006446175768632967,0.0024579110126426267,9.496187000064957e-08,0.0005902667272222454,0.002865104815916622
2118,4,5.8906674302934874e-05,0.00017643244765444178,0.18853713384741555,0.47494013506341737,0.03634174295800543,3.3285514468255476e-07,0.27872234089257836,0.021222975261481456
2120,3,6.444180866442053e-05,0.00020222200160415429,0.9025036101593128,0.025710142292468856,0.04300022125688553,1.538433909697323e-09,0.005867306428533402,0.022652054514096895
2132,2,6.621368498346923e-06,0.9972999682262614,6.771630755427263e-07,0.0005430643036878337,8.480334070331026e-05,2.696551133876964e-06,0.0020618697903311066,2.9925630858937796e-07
2134,3,0.00046215001441571123,0.00039799863893697873,0.751212134725666,0.04276395396892231,0.11791170199222042,4.575661751635618e-10,0.0010649470582501119,0.08618711314402235
2139,5,0.030789600920429587,0.002204373872647814,0.124386855777171,0.0002644734266243544,0.8236684948005214,1.5380214525479638e-08,0.000708726732728366,0.01797745908966269
2142,3,7.639309740183327e-05,0.00013032524738859915,0.9183381203810772,0.015977843775772268,0.035951526619623045,1.5508809385086185e-10,0.0009756641030994832,0.028550126620549506
2144,4,1.4257936274698009e-05,0.000447174296360857,0.034519124926821264,0.9430149057810351,0.004572364628030122,2.544164606695649e-10,0.004877843167153213,0.01255432900990837
2146,6,0.00393047658864963,0.07743769512832063,0.009149685792607184,4.785520374671118e-05,0.0008653220291076588,0.8999473712650478,0.007601580508472336,0.001020013484048093
2148,6,0.0024629091338009114,0.0009464125574692842,0.00016164366770873875,1.200409237799813e-06,5.935192267118084e-05,0.996245071124716,9.096394442385823e-05,3.244723997232397e-05
2149,3,0.0002170431939018891,0.00017084116136153172,0.9863867645754704,0.001564228040892271,0.006748506597868301,1.4493434254872711e-09,0.00046086161774738874,0.0044517533634149346
2152,3,0.0014772331015868044,0.0011290455128180272,0.9300299401389003,0.0367032818480883,0.01786809232351628,1.3979356792667514e-08,0.0015515449781623033,0.011240848117571105
2153,3,0.007096481866632598,0.0011029885350335269,0.9651433282997149,0.0009294394886173015,0.010546126532557345,1.1600569324998813e-08,7.788272378276194e-05,0.01510374095309222
2155,3,0.0004930266033044059,0.0001716230624090262,0.9515005225322384,0.005585801822566355,0.02055939347332056,2.885937912394589e-10,0.00013234641750403033,0.021557285800063452
2159,3,0.0009174280577755059,0.0014786706395101647,0.46272057590982935,0.09444486801657533,0.2675421782239382,3.4491506837837533e-07,0.11939818448832182,0.053497749748981305
2162,3,0.0002919538666385611,0.00020152080056953147,0.8856227095981797,0.010949558093975778,0.04308520649413626,8.367042100814698e-11,0.00024056706667858303,0.05960848399615118
2166,3,0.0004778628197592767,0.0023891400505681665,0.8054955559045448,0.06670658811134823,0.057101717195647245,9.203795128610281e-08,0.04859394581554429,0.019235098064636743
2173,3,0.02348353026284356,0.002770364761817612,0.7695280245105648,0.00427820585932782,0.1606289850701969,7.583340545214053e-09,0.00039744141076054527,0.038913440541148224
2174,7,6.8722301630294745e-06,0.00043628416408396245,0.02264649290613109,0.0005009870341307159,0.02271097153732242,2.3943316974196944e-07,0.9536066598746996,9.149282029940072e-05
2175,4,5.8618426196734726e-06,0.000254772914303951,0.025263900104039196,0.6765107773319693,0.011709366208406362,5.849620883838263e-09,0.2732824384218663,0.012972877327174436
2181,3,8.640220979381106e-05,0.0002811532171652958,0.934755282203963,0.020686536150064133,0.022426392901660215,7.254134281039972e-09,0.010919742479421039,0.010844483583798335
2195,3,0.00012501498083905085,0.00010274042150954524,0.7732682309580334,0.009135636822699838,0.18868677701372083,2.038483587882381e-10,0.0020537571882920103,0.026627842411056837
2199,7,0.0006759185625809093,0.013368458949725026,0.030041969702636204,0.0020616764513698375,0.0713784491785005,2.2985613931773047e-06,0.8817415085968748,0.0007297199969196011
2200,3,0.07981507958759256,0.008913697562967204,0.7016414719067386,0.1012149769310724,0.05262125886399347,6.358928374726147e-07,0.002674759811897337,0.053118119442900916
2202,3,4.561393636806928e-05,0.0001883947538669889,0.945196069385482,0.016666050951937548,0.02161871176726582,1.942734588132412e-09,0.006413479701313219,0.009871677561032004
2204,2,0.011332482051432516,0.822513827473254,0.006083107109737859,0.00041877490252715665,0.002876911733962476,0.12611454718351559,0.02722101454998033,0.0034393349955898636
2205,3,0.0003770461511754056,0.000526142410197361,0.9587718694769871,0.010968007543871084,0.019168286735860077,1.3289354749836072e-08,0.005400046327733814,0.004788588064820628
2208,6,0.08675151772906681,0.008040275582454529,0.0005482665704521579,6.682061067395947e-06,0.0024445768212180805,0.9013935027264516,0.00039788009171417676,0.0004172984175751933
2209,6,0.001303991580826768,0.0004346371223822702,9.016508109657198e-05,6.126870297124205e-07,3.914953286607303e-05,0.998088772798868,2.11340302776242e-05,2.1537166653095333e-05
2210,2,0.3287190807018597,0.5109615587045065,0.016786471301553738,0.0003028753223402841,0.04892151425073848,0.03889128173162767,0.04797923102540625,0.0074379869619673996
2216,3,4.957996068931963e-05,0.0002302385071005878,0.863665889518519,0.04766368594828085,0.04768034976815836,2.9971345187453087e-09,0.023402156305957943,0.017308096994159534
2217,6,0.02603641942539321,0.021297885073975266,0.0012927373914094465,1.887108256796642e-05,0.0008583363811366656,0.9485307112478427,0.0014552889036860076,0.0005097504939887941
2218,7,5.0184866554546916e-05,0.0014865779342049447,0.04368284750776511,0.020322754112803022,0.011054225393412527,3.016986216146572e-07,0.9221189130377466,0.001284195448891623
2219,2,0.3778332345828945,0.4743618037542012,0.047763161290181044,0.0006038152086062746,0.06747175030976893,0.0027467277704269918,0.022293685081686488,0.0069258220022347374
2221,6,0.08753847328281537,0.0015066223921509179,0.0002515061475300978,1.3072185426669058e-06,0.0015021993673527481,0.9088316466048522,0.00011169429734485129,0.0002565506894110004
2249,3,0.00012816728308615488,0.0006904637304407874,0.8998604278429014,0.04177024011172982,0.01856586903606309,3.880566952392669e-08,0.030434805814965826,0.008549987375143498
2251,2,0.0007492788332029174,0.9794143407990529,0.0003236677918664007,0.0016064673351187258,0.004034070698641621,0.0011004090359574361,0.01242535170162471,0.00034641380453529787
2252,3,0.009661147631050849,0.0016832295012946456,0.7044606904002112,0.006315285422861128,0.17460831587011288,3.9320673442530744e-10,0.00015879566655838413,0.10311253511470422
2253,6,0.01253260718140493,0.0013898757935627253,0.0001503746174485048,1.567523767360791e-06,0.0002449024509517462,0.9855489647370648,6.243820797001721e-05,6.926948782976732e-05
2256,6,0.0017948048683427737,0.0017219506743543643,0.00026868884239201725,2.8845416867079195e-06,5.823531273933197e-05,0.9960042063963261,0.00010766430656020435,4.1565057598508414e-05
2266,6,0.05147604924986606,0.09061253525384047,0.005726235430253982,0.00010494050703680038,0.0027961302423916076,0.8406176187236569,0.0077926154138154265,0.0008738751791385668
2271,5,0.00010339264131651479,0.0005154373627162951,0.28709631012870995,0.13727879898514755,0.33602200140160154,1.3261329242862444e-08,0.20121430977818633,0.03776973644099262
2273,3,0.0002144754464274118,0.0003745723663737152,0.762139995686082,0.053909047122500824,0.11151710356479885,2.715498977326004e-10,0.001752132089643234,0.07009267345262403
2276,3,0.0008258311931332902,0.00022433017068277178,0.9674169183651675,0.0012808776028520965,0.02258903442061031,5.1524281740995345e-09,0.0004297648117978472,0.007233238283328048
2279,3,0.0004763542055033352,0.00022827155230757318,0.9885859573940893,0.0014056249105662123,0.005399400282357134,2.126108091019819e-08,0.0006316952600110516,0.003272675134084538
2282,4,1.6021823894354075e-05,0.0007386897612418866,0.10775817821007683,0.792665190385098,0.008986970005587116,1.5809975493118871e-09,0.07547054575101335,0.01436440248209099
2283,3,0.00010173503785871019,0.00015570542446195673,0.940055502652541,0.013797159161764305,0.030470648800429427,1.3180023975916534e-09,0.002513815512268257,0.012905432092674115
2284,3,0.002810695011485247,0.00115902195084329,0.8944484077709345,0.012316356326964815,0.07570903502813903,3.087622582660237e-08,0.003298446579224666,0.010258006456182515
2286,3,0.0007128303428581641,0.0001588318661335069,0.932984090091025,0.002133243967071001,0.052953102947294814,8.405490588709819e-09,0.0008268056422491272,0.010231086737877836
2290,3,0.004422625275921493,0.001561693436637721,0.9143174874821315,0.012465940590645909,0.05615194903314402,1.0532040563195314e-07,0.0036337537294935194,0.00744644513162009
2292,7,1.0639083135737861e-06,4.1736789131168297e-05,0.011227646827330642,0.01494706237586318,0.005575336433082772,4.34732690541961e-09,0.9672697038304422,0.000937445488509452
2298,3,0.0010324005845489001,0.0002440031482802496,0.9190065504174455,0.009898341729502935,0.04307066930588631,2.680907515322767e-09,0.0004089336303305349,0.0263390985030981
2299,3,0.001861777021771441,0.0005590413387631054,0.9841974019377774,0.0008487541052960998,0.006798679407299964,8.10543105470358e-08,0.0005406225164611169,0.005193642618320459
2300,4,1.3615166667485715e-05,0.0004376497095950407,0.056947899467233,0.8247578323815014,0.010274647134209865,2.6726935192830865e-09,0.09293553628680623,0.014632817181293386
2318,2,0.014129111952252025,0.9550928633877552,0.0017511665430583483,0.0002799921490316595,0.005349787475508364,0.011474682712305104,0.010070957837556268,0.001851437942533281
2319,3,0.00044030469214552414,0.00021748078854828948,0.9843330183416136,0.0007373608847148738,0.009548519844389368,4.265162027334092e-09,0.0005110422599061073,0.004212268923520112
2321,3,0.031255658067785616,0.00845910105208712,0.6255089882549961,0.11940443250299887,0.12887467660713134,7.492696453383939e-08,0.004318381385980522,0.0821786872020559
2333,3,0.009174569953515009,0.000983151765467104,0.8742925709894847,0.001547479940862887,0.09640524955379025,5.670790521533407e-08,0.0007309964691354971,0.016865924619839344
2334,3,0.00014397501691592077,0.0002558859513367743,0.9729584609082039,0.005140607702022556,0.014665581512761454,4.561365106655323e-09,0.004047852975554306,0.0027876313718397487
2339,3,0.00018371103565018054,9.411735975996515e-05,0.959177702625618,0.0028143987715688423,0.024376949565926634,2.971289692885388e-10,0.00043385976301605304,0.012919260581331356
2342,7,1.3183319973139842e-06,2.0702263368271184e-05,0.000794290768896401,0.1423882865131856,0.0008913842051259183,5.3434583818016534e-09,0.8552887271420302,0.0006152854319380281
2343,3,0.010496596548163142,0.0007521226804521656,0.8170363852387269,0.0019339614611065894,0.1132787323185203,1.1068746647016582e-09,5.162235213506349e-05,0.056450578294021087
2345,3,0.01050529401601415,0.0013713871512488574,0.9468021668394729,0.0004050806107920368,0.02994199183516524,8.216792458966573e-08,0.00024940021567426197,0.010724597163707912
2346,7,1.6499839374021558e-07,6.945576414403163e-06,0.00021447731480585069,0.03563553080082472,0.00039689403227992,2.633815198609828e-09,0.96355601782152,0.00018996682194609215
2350,3,0.00013924909848273543,0.0003123380475008382,0.8460046963106468,0.05017947317989403,0.05674296904025499,9.18063875864016e-10,0.0027879470050948684,0.04383332640006192
2352,3,0.00014547379502945375,0.0002351908344018665,0.9382938869159618,0.01931997253497534,0.025870049838621276,2.379860476076468e-09,0.0024092439378871895,0.013726179763262722
2355,7,2.1908089538552536e-08,1.4096714327832558e-06,0.00021745209609204654,0.0015444286587171056,0.00015862782366204262,1.8303196919400438e-09,0.9980395582633246,3.849974836238301e-05
2358,4,3.542601583015786e-06,9.989813232715227e-05,0.011634815338000884,0.6536267104707567,0.005701741365679567,7.458047460920122e-09,0.32046002851692834,0.008473256116676861
2360,3,0.012785148739060883,0.0020600767842443046,0.7493600018816555,0.010753233919538087,0.15131762486651512,1.3438388484413767e-09,0.00025120866834896417,0.07347270379679824
2362,7,7.806709503755844e-06,4.484814281418034e-05,0.010098680849173352,0.15730713986880562,0.012834238355292647,5.9212880533102384e-08,0.8167740629022716,0.0029331639592583727
2364,2,0.0003237982964098338,0.9802612853936531,0.0002598956525409126,0.0020680219854834737,0.0017842193856533696,0.0007401971093645936,0.01425594280351509,0.0003066393733793877
2367,3,0.0003166295127183758,0.00018895558556165397,0.9811677151454139,0.0016034360016809834,0.011777424197617448,4.127648248525541e-09,0.0009418718856110787,0.0040039635437484145
2368,3,0.00016236367631392498,0.0003515270331419321,0.8977058515867677,0.04896158245540477,0.02877294779543197,1.7986909472715224e-09,0.0034736803715967584,0.020572045282651805
2371,4,0.00759441567755143,0.011324948945966308,0.2793974540525964,0.4602157105703564,0.10280190999217731,5.278921744459886e-07,0.06608403893623466,0.07258099393294311
2373,7,2.5807932544011817e-06,0.00011885553583778208,0.015246821984089434,0.30733514816999896,0.005254291593129472,6.389108029271397e-09,0.667849401113169,0.004192894421412777
2378,3,0.00044506329516066955,0.0008857327664651771,0.3261498036288639,0.15909224401335578,0.24898099521410952,1.8122861003326493e-10,0.001752628636052609,0.26269353226476366
2379,2,0.08910080227820949,0.5653360628919483,0.20367503554947144,0.0014312884827476532,0.02720584571071471,0.0003138159006812118,0.10325395515541157,0.00968319403081566
2380,7,2.1524814926781613e-05,0.00049338181833011,0.009214272886653892,0.26031241328998067,0.0028432757972761203,3.6050227127156505e-08,0.7238673303816633,0.003247764960941978
2382,3,0.00019514851305873116,0.00042555362662398426,0.9264032901366691,0.02618663569452187,0.029495659719551228,1.6321365860429146e-09,0.004396730858294946,0.01289697981914366
2387,3,2.3736419126853535e-05,4.5117704180507133e-05,0.9612269680851121,0.0032301391809724067,0.02637782951228725,6.107271206216243e-10,0.0032492459034406205,0.0058469625841533176
2388,3,0.00022359262557453678,0.0001486761926972421,0.9755195558803146,0.0042653362728748674,0.01074425642989559,5.200674821561051e-10,0.0003134078289657539,0.008785174249609912
2394,3,0.003830325355136164,0.00043528157932612644,0.8383779411624114,0.0026207892857784396,0.14098183969546063,3.153193929060355e-08,0.0014333107258979326,0.012320480664050105
2397,7,3.1846632323070255e-06,2.747587850379916e-05,0.005851262883324508,0.13450379251401812,0.006448497349490545,3.220026399975155e-08,0.8505329510372976,0.0026328034738692186
2400,3,0.00020762138264806095,0.00011961130171885902,0.971011434689548,0.0035206256881062463,0.01937222410101265,1.0153787807190917e-09,0.0009478647656129257,0.004820617055974372
2405,6,0.0029912080042681136,0.0004471628782370403,7.858616866254085e-05,6.665160659993632e-07,6.879405275062775e-05,0.996370959774375,2.1130454330968527e-05,2.1492151309625857e-05
2414,7,8.982337649316635e-06,0.000366093041009462,0.2758755264093965,0.13327870694953492,0.04136044181850161,7.682408379093854e-09,0.5384086911642185,0.010701550597281381
2418,6,0.007125465284546986,0.013304523012867015,0.0006637358231823178,9.480305883775444e-06,0.0006903480475012379,0.9773620403333648,0.0006309848882022374,0.00021342230445158854
2422,3,0.00031096210069127197,0.00045687039719535024,0.5484557747880255,0.05250883639058367,0.2702481324501046,1.937011873478836e-10,0.00244985581386625,0.12556956786583204
2425,3,0.005729323281219621,0.001020178937415469,0.9136087884175105,0.0016001665013689063,0.06417458798077917,1.7042700253066792e-08,0.0007539191409215934,0.013113018698084436
2426,4,2.2539947463370017e-05,0.0007313610923686086,0.25160469659169865,0.5502888471175658,0.023395604885048424,3.5534158397031286e-09,0.15662165446745493,0.01733529234498439
2427,3,3.362212796889496e-05,0.00014429969354515262,0.8898748740645079,0.03179644984451772,0.047821100664407055,1.2587046084331417e-09,0.008673619260081818,0.021656033086266655
2430,4,9.543342935977413e-06,6.194115391195436e-05,0.007547969928520329,0.5093020298284313,0.006205463034292397,3.851121010476476e-08,0.4731581026467791,0.0037149115539187602
2439,3,0.0013872664339794375,0.0013820757049462626,0.8940522190302217,0.01708660043380759,0.05671628573568167,1.3652589188195642e-07,0.017889214649039403,0.011486201486431948
2443,3,6.798243379616299e-05,0.0005310093289053327,0.8516925787829227,0.052232420643832565,0.0331974584114562,1.2238035778592607e-08,0.0478729861880542,0.01440555197299699
2448,3,0.00014072278694795762,0.0005198419744610166,0.7320807038888992,0.04838494592708869,0.17329308092780943,4.054413337763969e-10,0.009955840627994927,0.035624863461357334
2450,3,0.00015106690676164748,0.00019341156264870052,0.945745910829487,0.0033680767576752453,0.03690497724423734,1.5765567194234284e-08,0.007586590197311106,0.006049950736311782
2453,3,0.00016241409992231515,0.0003658886009547145,0.9746765498046523,0.00919911818598178,0.008695687152819879,2.7469455284039894e-09,0.0022686193952837982,0.00463172001343963
2457,3,8.615948533915165e-05,6.664484666016024e-05,0.9414158862908963,0.004377014571502199,0.03437927024867441,9.538020911977137e-11,0.0004042391198573378,0.019270785341690248
2465,3,0.0004464633690542012,0.0008758565971880252,0.8914786327120395,0.03322740696440953,0.04037290768747966,2.0812643925195355e-08,0.011676060403358317,0.021922651453826682
2467,3,0.001374548634676679,0.0003733944926899665,0.9840637077798692,0.0005169869704794343,0.009063180089538997,1.3030280831978933e-08,0.00036492014263523535,0.004243248859829571
2468,6,0.19137215288226989,0.0459979331774549,0.002636442916652285,3.0640225164825524e-05,0.008459327678952914,0.7469661887130599,0.0032628382285299178,0.0012744761779154385
2474,3,0.0002997231759960724,0.0011199276303991122,0.3329348928494005,0.25456918242125426,0.27168581230041217,4.280317420171789e-10,0.007439673175514132,0.1319507880189921
2480,6,0.004436327322813683,0.002780143413472781,0.0005457547924043505,4.078358373813492e-06,0.0001420035610154198,0.991723174906859,0.0002810847219526535,8.743292310823102e-05
2483,3,0.00017015436513953883,0.00046213587560300023,0.9486171011735711,0.016802711836104718,0.01577364313637099,2.0527767429067754e-08,0.01282639448190065,0.005347838603542673
2487,3,0.007324640040493098,0.0023554387195328674,0.9862769550625737,0.00037395591653068694,0.0007351371156155272,1.348601725635524e-06,0.00039507441154629463,0.0025374501319822673
2495,3,0.00015819448020019865,9.499513244097913e-05,0.9175220305029159,0.006283503555457485,0.03815550735976066,8.308715846703011e-11,0.0002749034684052329,0.03751086541773243
2498,3,0.0015997852525790216,0.0007100626779576718,0.9602312023983425,0.0011462598239934734,0.0296960040344187,3.9905474723551344e-08,0.001955285739428997,0.004661360167805128
2504,3,0.009299100217698787,0.0027130970854964383,0.9758614996466551,0.0003943316692750242,0.006508128919832058,6.450583765984983e-07,0.000807450170238714,0.004415747232427262
2509,7,8.065559144086577e-05,0.003846254769218924,0.0026861981313148027,0.02143393160950297,0.004905602942896011,1.0105446582218304e-06,0.9665822090167095,0.00046413739425857516
2520,3,0.0009015195214395469,0.00032364485699365225,0.9244868982270875,0.004821599021409742,0.038768860942154745,6.422279034734858e-11,9.467999049183752e-05,0.030602797376200284
2523,3,0.003024209353821173,0.0005765016661541918,0.9760885649839617,0.0021967990195753294,0.008582839277293149,1.562219303714988e-08,0.0001625507735710774,0.009368519303430495
2533,7,1.3207170844145365e-06,5.484615608033646e-05,0.05971379426859953,0.009358598000658512,0.05226148003441614,8.441924433998363e-09,0.8769722243594004,0.001637728021836213
2535,6,0.0074623371659999415,0.0020807832287066436,0.00025194265223110415,2.448763726353514e-06,0.00019469314137825731,0.9898288505076945,9.9975499425326e-05,7.896904083775705e-05
2538,6,0.0004624382661214806,0.0011072442914697416,0.00021480505055969357,1.7497592407787412e-06,2.06320407517702e-05,0.9980945469039008,7.177927704769226e-05,2.6804410908074432e-05
2539,3,0.0005565816787899497,0.0003418212351596006,0.7490839671748555,0.035994700783761144,0.11485748319303755,3.533294845846767e-10,0.00066948186430924,0.09849596371675749
2541,3,0.0001464875505324336,0.00028599962132535987,0.8767830621044703,0.0431086829292087,0.05661296584174486,2.50910819472305e-10,0.002648786978325257,0.02041401472348208
2542,3,3.883164284745968e-05,8.331894853917714e-05,0.8874996575634555,0.012798425758344601,0.07636802799364331,2.213942853708772e-10,0.003368804861424485,0.019842933010351345
2545,6,0.003552089760335727,0.019863488622455863,0.0020536722000710317,1.8594580709597967e-05,0.000381988997766974,0.9722764181117926,0.0015324992508175621,0.00032124847605068525
2546,3,0.010977675824378086,0.0008904528250288611,0.8689912716566927,0.001208362556300098,0.08144544045757324,3.371255489075148e-09,8.835274165185166e-05,0.03639844056711966
2550,7,2.3270200093101296e-06,0.00010645456011963891,0.006818483324212909,0.24110454131059952,0.002312263585883387,3.182194254842993e-09,0.7476152002854904,0.002040726731490381
2552,3,0.002417222203217706,0.0008540610428018193,0.6095090365809139,0.02736535520568489,0.13007138863228526,6.42131466462533e-11,0.00010845492732196202,0.2296744813435614
2557,3,0.00010810641799600532,0.00022668882411318306,0.9502995074312701,0.011338310515001216,0.026504023875882323,3.018058079747399e-09,0.005266306457032933,0.00625705346064607
2560,3,0.03309830937776145,0.0009863910010792737,0.5211103859272782,0.005524507738312738,0.21077756057259597,2.733443272982872e-10,1.636676545223078e-05,0.22848647834417582
2568,7,1.3959922900484177e-06,0.00016565929451861343,0.0005601993895765389,0.0037019395483932566,0.0005242773208647586,3.5643335238315844e-08,0.994970644168058,7.584864296359618e-05
2570,3,0.0001389268507289601,0.0006599105511867168,0.8629406072635212,0.05499493062742217,0.030808094341197367,3.24624485263769e-08,0.03215401421268262,0.018303483690812528
2571,3,0.0008803874178855264,0.0004490157357477101,0.988734527274054,0.0014902170146113853,0.0042038658034576105,2.570808997763753e-08,0.0005080026010979738,0.00373395844505564
2576,3,0.00015099165929847145,0.000279325749005014,0.9596988416808915,0.01336577829093575,0.015446038432996422,1.1556428995471354e-09,0.001912873113314345,0.009146149917915463
2578,3,7.049598006989981e-05,0.00034961823202810723,0.8906590820970511,0.04242816030377544,0.02724827885770292,1.1005147538188443e-08,0.026963499522586726,0.012280854001638314
2581,8,0.001711117658419061,0.0013952702166781079,0.36544589517818254,0.0903571336120464,0.17455086783951396,1.0383560247876882e-10,0.00031598307493846314,0.3662237323163858
2587,6,0.0064089353578905064,0.0008354258488235246,0.00016407591806669202,8.855014182669641e-07,0.00011143238632518902,0.9923655318355246,6.89114690179424e-05,4.4801682933197115e-05
2591,3,0.0009095402221313523,0.0004324159586260577,0.9247326673637621,0.004581311692752372,0.05835183966528914,8.702892608995054e-09,0.003139815820520323,0.007852400574026046
2595,3,0.0012211856942997638,0.00029716567757810864,0.9736671925543576,0.0014096205060209527,0.017303943415463825,1.2756881261346912e-08,0.0006335541062187944,0.005467325289179832
2598,2,0.027424351499208157,0.9310989941530978,0.0018702545228143363,0.00024747354201578437,0.00904235000789076,0.015715976028603303,0.012559485720608698,0.002041114525761058
2601,7,6.910910717918925e-07,3.0047898026423666e-05,0.0015164027847451645,0.0538967388405874,0.001803930462017491,2.379085411616636e-09,0.9419273370049256,0.0008248495395406482
2609,4,5.650846652414328e-06,0.00016290653316108545,0.020224960473200215,0.9275006063361854,0.003185289956687643,2.718778908691671e-09,0.04192696552913962,0.006993617606194829
2611,6,0.044383452184668326,0.0017315401238547196,0.0002007700153929358,2.1094116313053537e-06,0.0008076352697474619,0.9526333365723177,9.867191126900931e-05,0.00014248451111846397
2614,3,0.00045877002553230343,0.00016866417818473502,0.8387402046636342,0.0059261937468141485,0.1111020866970834,3.8848873881373185e-10,0.0006395954009223405,0.04296448489933999
2617,3,0.0001654460132343804,0.00029151539039247074,0.8943960558580302,0.033873483756276905,0.04049096166545299,8.60137791629006e-09,0.005007839869708636,0.025774688845526382
2620,2,0.034965644330892574,0.8877860473255653,0.010509660897522118,0.0006267799946167083,0.008797958429599436,0.01638733087836954,0.03587878018079543,0.00504779796263883
2622,3,0.002463686541769517,0.0005712279364871541,0.8442525296547125,0.009291359433249565,0.1035059105267731,1.748116740710658e-09,0.0005705009101911072,0.03934478324870017
2623,4,2.0584925972739323e-05,0.0005271460201540456,0.05164276912841879,0.8308608626416152,0.020963677327103063,2.218426475786261e-09,0.07456606778428686,0.021418889954022777
2629,6,0.0024893401286197373,0.0008907177473305378,0.00018225056447019507,8.606672647728464e-07,6.085656095485572e-05,0.996256818281967,7.873213462433633e-05,4.042391476852044e-05
2638,7,0.00013014675600436342,0.25024453175378697,0.0006770873339913174,0.012492392306240429,0.008499281466275875,1.0481466916561164e-05,0.7278237492753564,0.00012232964142805885
2639,3,0.0006372973523040175,0.0001534895655994981,0.937254672473992,0.0019558290932505037,0.04734079233599086,1.287414948606971e-09,0.00040884719812084796,0.012249070693327124
2647,3,0.00022889084161473202,0.0006619451912747233,0.6535158645840773,0.03591830309646664,0.17475147461192692,4.830654346733133e-08,0.09888774007425727,0.036035733293839016
2651,7,0.027568659164208326,0.3127037659897385,0.07899076425030874,0.017140129531782095,0.12482574520697778,0.00027751538919494563,0.43354421011768535,0.0049492103501043135
2653,3,0.00023023959181232953,0.0008173979831480279,0.8704549391136454,0.05290983184229609,0.03344220573464042,3.54684741305747e-08,0.02310414076600351,0.01904120949998011
2655,3,8.1579617832446e-05,0.0001887327464406076,0.9428293306275349,0.0236594184451747,0.01965869632543172,1.1533099994443088e-09,0.002634338694994106,0.010947902389281498
2659,4,0.0001530923824282285,0.0005496796177775527,0.15244802581244593,0.7920594765778517,0.016827164923579798,3.092891593913587e-09,0.01064127664497146,0.027321280948053722
2661,3,0.0001295658903389439,0.00013360492265986632,0.976812566825367,0.005106166552112703,0.012424633336734787,1.7001252566582523e-09,0.0011314101790693856,0.004262050593591935
2662,3,8.120844604715002e-05,0.000503909560137543,0.8663227772887746,0.03650839818811999,0.03467914375667378,2.4181670895491793e-08,0.04896175896267563,0.012942779615900598
2666,7,6.577841012015803e-08,4.497786352760503e-06,0.0007236902945433018,0.0032885199636318906,0.0003132510565794917,8.562370332005137e-10,0.9955795256656541,9.04485985915224e-05
2669,3,0.010486438678417588,0.008356883963934018,0.856500863113585,0.006662067944587329,0.06910288345399838,3.4393829126516435e-06,0.044954734015828855,0.003932689446736185
2671,5,0.14906564915931786,0.006307156889250654,0.3488926205222419,0.000382923486584035,0.47412904950577134,1.5133138278011503e-06,0.0007609149324021382,0.02046017219060415
2674,7,4.222484229579351e-06,4.1115511866037846e-05,0.002662819610181207,0.36132511678634927,0.0034105886000264027,1.6533399792412764e-08,0.6300180147778189,0.002538105696128776
2680,3,0.0018726615241911023,0.000302230550226807,0.9418383357534205,0.004812824329393309,0.04131034952883362,1.4281019178000033e-08,0.0007755175881432902,0.009088066444772303
2683,3,6.056336502903121e-05,0.00017909817680939285,0.8501201618636771,0.026355708008867464,0.07786740336688279,7.466084404116219e-09,0.02624182668919477,0.019175231063454947
2684,3,0.004485242177538711,0.0008417468494355734,0.9656684849918806,0.0021724683024841995,0.007242027618817164,7.302113102676463e-09,5.131503441825819e-05,0.01953870772331238
2686,3,0.005809629828723693,0.0006589647967632453,0.9293659991018206,0.0012011888993865335,0.042407277894573096,1.712575111424144e-09,8.950495753092128e-05,0.02046743280862676
2688,2,0.0012845041140201912,0.9768223661982779,0.0006929320249404217,0.0007068223109743361,0.0037774678161571454,0.0017782401160218405,0.014355066484722083,0.0005826009348860363
2690,7,3.283108795036986e-07,1.251148783930283e-05,0.0005307994521948339,0.0036302873666467367,0.00037907982330450876,1.5590800906095327e-08,0.995353772467669,9.320550066521912e-05
2691,6,0.09239477868409494,0.00846213052012433,0.0006119901366073246,7.1683219135913576e-06,0.002574441763151949,0.8950622667467305,0.0005670422361296448,0.00032018159124772315
2692,3,0.0011965828362574182,0.0003317426721959451,0.9070194999362443,0.006529582020887688,0.0667834066789687,3.299932090299778e-08,0.001754490574438804,0.01638466228168638
2703,1,0.7549098506509495,0.12705689802766718,0.030310178222973928,0.00014741929950222438,0.023585525497208704,0.03422298222911865,0.02575648684630584,0.004010659226273891
2709,7,8.995960537083586e-07,3.362766628349634e-05,0.008285662734504876,0.0802117140115921,0.003812833362723364,6.584681570156119e-09,0.905965072499641,0.0016901835445200734
2719,2,0.00015202208887501087,0.9497951529195534,0.0003959026291100534,0.004249835479492013,0.0016528609454818097,0.0005362964687337134,0.04302946420521962,0.00018846526353435817
2723,7,5.505149227096621e-06,3.069283777155311e-05,0.02352923758534271,0.02693078178231998,0.013483446331045016,1.9345239752997522e-07,0.9335173407401041,0.0025028021217919586
2733,7,7.51587536601356e-08,4.790936740526465e-06,8.634346635339257e-05,0.01737883553993203,0.00014250325528178943,1.2410322953126705e-09,0.9823388764047417,4.8573997164661516e-05
2736,3,0.002482718215311433,0.0005475263345806364,0.9800445816740205,0.0007766563760761152,0.009515614874039988,4.696886537732739e-08,0.00029170057652683977,0.006341154980579036
2738,1,0.5667484008122082,0.014179477146240613,0.0016143780308342356,1.1980655409594593e-05,0.03517311406389071,0.37943671879363217,0.0008798256594469739,0.0019561048383373338
2739,6,0.0070624437900254754,0.002092767403188248,0.00037573678094060596,2.7592274845252777e-06,0.00014544631075392203,0.9900682776080926,0.00018824940608261361,6.431947343195299e-05
2740,6,0.00265952361969931,0.0010232666306617922,0.00021297654587825663,1.5385750940652447e-06,4.852162018868712e-05,0.9959435059898655,7.564969820866209e-05,3.5017320403660255e-05
2741,7,1.2471855972871173e-06,7.917086333330218e-05,0.004490066122931643,0.050738763022106656,0.00161444183727938,5.690349257835222e-09,0.9421088053469531,0.0009674999314494719
2751,7,0.00017401250379381586,0.006682939381100804,0.011902373099070798,0.004664725574528593,0.013106103568504855,1.3986604361491408e-06,0.963139756713715,0.00032869049884996483
2757,2,0.008481968791099134,0.964528360215165,0.0010638151206456281,0.0005623870806816183,0.006159855220014333,0.006588098852473906,0.010963213269302318,0.0016523014506180651
2758,3,0.00011674218847848251,0.00015204703852929105,0.9458626561941802,0.010346489596959779,0.030618162792689106,2.200127728099857e-09,0.003237165426424249,0.009666734562611433
2762,3,0.17810304913391456,0.01385273324309252,0.7466173532037963,0.0005758391710780256,0.040925607977765184,1.2500787898212357e-05,0.0005825493804577864,0.01933036710199764
2764,3,0.000599445307501431,0.00025708675264344926,0.8054122296192426,0.02192348506496783,0.1085064590150315,1.1166589344713692e-09,0.0008822984390127194,0.06241899468494151
2769,3,0.005555377808748004,0.0010466096476672113,0.5324166013004181,0.011437517830702218,0.3362807552622742,9.149021707364188e-11,0.00020123667350519824,0.11306190138519492
2771,7,4.93007115624421e-06,0.00014276768889841815,0.011020246010545756,0.02576688661138124,0.0017373483116885327,5.706399369244692e-08,0.9605324325090289,0.0007953317333073388
2772,6,0.004237280768539522,0.0019439435574537943,0.00022900585893212321,2.0289509042280126e-06,0.00014006434128030728,0.9932857414400321,9.224708015672577e-05,6.968800270130276e-05
2773,2,0.02845643867639631,0.7219758453817211,0.005021278461753134,0.0001660094573512718,0.011188603940128071,0.21462753068355034,0.01563034555414613,0.0029339478449536835
2777,3,0.0015090872739191043,0.0008554388876024266,0.926605760468946,0.007679605925224447,0.0516498498186136,4.570280227821129e-08,0.004207066484661875,0.007493145438230088
2780,6,0.13755690602397252,0.22826270268916565,0.007536696701929407,0.00011108685543014278,0.00944066249923685,0.5999812302301472,0.013703447948674513,0.0034072670514437185
2782,3,0.11664430207811617,0.012088781420160599,0.8414687352766596,0.0005066579588348582,0.01666683281995699,5.71643919444824e-06,0.0004094427855207086,0.012209531221556609
2785,3,0.00040548581330046964,0.00017604754103112873,0.9349352490580226,0.008658055902603191,0.03940556491648745,3.72283540066226e-09,0.001086047041251052,0.01533354600446863
2792,7,2.723277175477746e-05,0.0006046413501667917,0.12136800892227653,0.15933904779919353,0.03504928215838669,5.2366591119714925e-08,0.67267780398754,0.010933930644090543
2795,3,0.0004626016366010001,0.0003116191398647271,0.9412298384447045,0.013844063374798106,0.016534917134174647,1.7774541532757066e-10,0.00016577107228829194,0.02745118901982318
2801,3,8.435375409966968e-05,0.00037424993316223574,0.804716715314194,0.05812826208550159,0.07765889914764894,5.396516166207907e-09,0.026727585241673145,0.03230992912720437
2802,3,0.002405715147507842,0.00029370568754241515,0.9541515292105457,0.0027872193157852817,0.028300095918072317,2.098904875889524e-08,0.00032023640811891686,0.011741477323378937
2803,6,0.024639739252426643,0.005693174219747225,0.0005697606810580832,6.2397262676652455e-06,0.0006604453613884792,0.9679356504203726,0.0002828321699738499,0.00021215816876562983
2805,3,8.201063581729046e-05,0.00011917739861439021,0.958477025824284,0.006422930514285043,0.024233739256617468,2.1711704667878996e-09,0.0032073507294042565,0.007457763469806875
2807,3,0.002005506067600298,0.0004854065280876368,0.9851051426948004,0.00039810954124799006,0.007463284418083073,1.2327271051059496e-07,0.00042998170543396283,0.0041124457720361895
2811,3,7.849302238808707e-05,0.0004173261358684995,0.7120420671616031,0.12557597492936884,0.08100050279226381,8.851153260075527e-09,0.05649527552149855,0.024390351585855816
2813,3,5.324978273057975e-05,0.0003475123234856285,0.4360687447384368,0.07024705598124484,0.4265904762197357,8.474421197787391e-10,0.03397539810405604,0.032717562002868274
2816,3,0.0017244259985516618,0.0003800778465338699,0.9773388039998951,0.0018398216755096128,0.009635338487684265,6.189668479912381e-09,0.00017534002152042602,0.008906185780636329
2817,3,0.0004713101131821937,0.0004343205147396599,0.9059901477255153,0.02009051248064491,0.04588504268736942,9.47268918313834e-09,0.0033220110518504035,0.023806645954008755
2818,3,0.00020615363147409612,0.00020713106315126985,0.9646222857475718,0.009144976912987041,0.016793300013762277,3.3525084262125115e-09,0.001948316994434424,0.007077832284110497
2820,3,4.707997375545028e-05,0.0004593238607455447,0.8160683580581507,0.0511115095685699,0.038716123008236424,1.6663370412544585e-08,0.07995173095986186,0.013645857907309574
2824,3,0.3795387898859624,0.11638113630328574,0.4419627507503019,0.0007832059044453827,0.036821867491686096,5.0039566358735036e-05,0.003447550855527981,0.021014659242431847
2827,7,2.1181808239176203e-07,6.832000533623719e-06,0.000976334122226726,0.048122301608481556,0.0007525180089016248,5.453873049981168e-09,0.9496403878120778,0.0005014091758232451
2828,3,0.00021131310213052997,0.0002916768508653773,0.9341399447240077,0.036021323059035396,0.015734314706048753,1.4345509381223846e-09,0.0012602978755116585,0.01234112824784951
2831,5,0.009758717670082446,0.0056671734439550465,0.32448232532965504,0.0022202152229837415,0.5974717636774709,6.04139315089367e-07,0.04992035929857771,0.010478841217960081
2833,3,0.0016472288032708868,0.0020728823725963685,0.8894898987673272,0.012547620570269712,0.062249508615456355,1.8150037706419194e-07,0.02538063441504683,0.0066120449556555504
2837,5,0.014035256910866269,0.009129394526416982,0.4312871634851836,0.017515605416497083,0.44037071623680746,1.13794291724873e-06,0.060908005361717345,0.02675272011959409
2844,3,0.0006911070694494445,0.00045786477203287306,0.9135589523765749,0.00585015328014043,0.0590651573972197,9.158861828198556e-08,0.00804795413273803,0.012328719383226274
2849,3,0.0014000616788449817,0.00038577421244674414,0.98032438793806,0.0008487717035728828,0.010913723364576423,9.315120845429982e-09,0.0003141073899854451,0.005813164397392779
2850,6,0.003979122075657409,0.0009664449096221265,0.00013827740205846098,1.451981919363375e-06,7.953529806440804e-05,0.9947258232393136,7.514284158837884e-05,3.420225177629958e-05
2854,3,0.0012682765910435123,0.00044172485245825324,0.8074952579726007,0.007703176887236077,0.12721623158357867,9.446730271055994e-10,0.0008513615592505028,0.05502396960915923
2855,6,0.10697113983856263,0.013204392218198795,0.000959993886838608,1.2653959504451938e-05,0.0033145556161605027,0.8740753844878715,0.0009777369372241391,0.0004841430556396383
2859,2,0.05300365371966545,0.8009699637722261,0.03414366860553638,0.001891059636965495,0.049646894620764916,0.0006685166582134877,0.05160768154052549,0.008068561446102747
2862,3,0.004015129123098269,0.0006266503126074409,0.9633596287706775,0.0013941763157855388,0.02014950603884891,1.7459358022963175e-08,0.0002351069930410803,0.010219784986583038
2864,6,0.09335762569463599,0.04836025866266972,0.0029518215936572595,3.8150015594339173e-05,0.0034492391747656787,0.8466453365530995,0.004166911079552874,0.0010306572260247648
2865,3,0.023058246724837236,0.00649867568517325,0.9553820731659401,9.811416262062462e-05,0.010248833735949843,8.350130982535478e-06,0.0010136809866109163,0.003692025407885332
2867,3,0.0009978747920709522,0.000601030066711397,0.8950852513076885,0.006246337866299192,0.0805646072740341,9.886553283490219e-09,0.0030075189316125174,0.013497369875030009
2869,6,0.004745714602576104,0.0025087865548092877,0.0002957023525120847,2.617105314691202e-06,0.0001368787540103681,0.9920528061242355,0.00018212966034370588,7.536484619798193e-05
2870,3,0.0005616220714393763,0.000105329235129956,0.9037107624483944,0.004331021605216912,0.07317386570036755,5.499942190536617e-09,0.0009554590450023429,0.017161934394507226
2871,3,0.04032625510144462,0.005086397892974774,0.874851108221286,0.0006901426249392867,0.06277297644104807,9.051915188014101e-07,0.0006482245560942707,0.015623989970694124
2877,3,0.0002168070089213699,0.00012185292692468735,0.8263538802976227,0.017767926708592854,0.11391004421104539,1.2883604437442878e-09,0.0019727875459621654,0.03965670001257053
2883,6,0.008088187008235936,0.0005831000316094682,0.00011952618293862748,8.620227411448553e-07,7.53849458314332e-05,0.9910469602118598,5.042878611190522e-05,3.555081067165245e-05
2887,3,0.0016672733756839823,0.0007545171756227994,0.944528020071097,0.01238892361340804,0.030114379509157123,5.913450742891115e-09,0.0010273607262358503,0.009519519615344679
2891,6,0.005050817179952849,0.0013745519395992063,0.00018903242478410432,1.9358683016301634e-06,9.661090378040777e-05,0.993159734612237,7.868657678463883e-05,4.863049456002459e-05
2897,7,1.8780220560622199e-06,6.230567503774897e-05,0.05134477213598448,0.09744944847097896,0.03637442347627231,2.4541914883599788e-08,0.8110765663151465,0.003690581362609244
2903,3,0.00036983004507854536,0.00014185239152556873,0.9664851854582941,0.002841849565813036,0.022246201935361417,2.4716939886397064e-09,0.0007483579019602501,0.007166720230273099
2906,3,0.001822225292638037,0.0031310075390081375,0.8640781974486753,0.011182062776144398,0.009181603838767802,3.251277265575246e-06,0.10870687566863609,0.0018947761588645525
2908,3,0.00045007842856973815,0.00030096799284119524,0.9590913589841653,0.008521380660575893,0.01445297064429091,1.1756200210189607e-10,0.00022017000816431878,0.0169630731638306
2909,3,0.0004739455979433798,0.0010078167204457921,0.8350947975931368,0.08321959828700506,0.04671618392474536,1.1365416521880472e-08,0.007233227252758428,0.026254419258548673
2912,6,0.003504051603892452,0.0006385252163364258,0.0001575096752563467,1.0372179940440197e-06,5.464661980036714e-05,0.9955728062353836,4.328439427746375e-05,2.8139037059299402e-05
2919,3,0.001638755523526579,0.0006826376291379435,0.9274410921349686,0.0035493166545028853,0.056128404543596175,1.4018505226946936e-08,0.0022482096818160196,0.00831156981394659
2922,7,0.00035844376460870026,0.0027871459286372673,0.071645092921484,0.024013795654595164,0.11668876681016124,9.206557348223508e-07,0.7758817895037985,0.008624044760980363
2925,3,0.0005073395253431832,0.00141663339639154,0.4752569870083302,0.18757721593303234,0.15935899221161126,2.2780028814588978e-10,0.0025511735603029636,0.17333165813718812
2931,3,0.0010109600759773201,0.0004420670072802869,0.949609591161905,0.009818211001523263,0.024082209732993225,4.331872121712406e-09,0.0007210800453675824,0.014315876643081317
2932,3,0.0010501424818570328,0.0002451016594816403,0.9631098842431438,0.0009584781488434403,0.026817796293879162,6.855678069156637e-09,0.0004117698366087454,0.007406820480508249
2934,3,0.0002493066683945788,0.0003899626591836384,0.8777286805441893,0.02954780416881247,0.058122504262135055,2.216170559155652e-09,0.00425124916461103,0.029710490316503458
2935,6,0.0009510382456238644,0.0073872913159330035,0.0011308297773389515,6.719571713354379e-06,8.339032025338003e-05,0.9896776035663141,0.0006218802980930944,0.00014124690473035304
2938,6,0.00039168242138823303,0.00030102379401858345,9.543687457626158e-05,4.6995389583904505e-07,1.2937737926613559e-05,0.9991539377200301,2.9921866325114592e-05,1.4589631839264859e-05
2953,3,0.0014013595424186376,0.0002541108068934848,0.9537423544653164,0.0038994965113658946,0.02840937253952947,1.3273980737961592e-08,0.0004041862506934938,0.011889106609802172
2954,3,0.0002334228581613634,6.768151579485947e-05,0.9503847168119359,0.002992465640681186,0.02527766771299323,6.190285629765418e-11,0.00010922026441751241,0.02093482513411319
2959,3,0.004474120265184441,0.0006146122877414743,0.9669179401177754,0.0017580565329829816,0.0159594311319998,3.4578844851743474e-08,0.000189294008295992,0.01008651107717494
2964,3,0.010286246871985826,0.0009058696069057131,0.5203686635795812,0.02266764610372056,0.29605433116089513,8.402541936575097e-11,5.6049057160827854e-05,0.1496611935357254
2965,3,0.00032304838730048583,0.0007967704566532392,0.9250968400983671,0.02608577454450518,0.03128188229565075,2.5088276800523373e-09,0.0036529802799988203,0.012762701428696586
2968,3,0.00014907882403757998,0.00014579015005205636,0.9725930189012311,0.0024235634229929155,0.018423434209669475,8.474567490018027e-09,0.003727987207265,0.0025371188101843706
2970,3,8.286125347787704e-05,0.001158634231665683,0.5005452734015603,0.4236849221503707,0.023667795104933022,9.455418831171772e-09,0.029870988354330094,0.02098951604824347
2971,3,0.0006603803126251964,0.0003165373103177668,0.9609868218129161,0.013755515568383747,0.014122932221767436,6.702004151361907e-09,0.0006113621547557599,0.009546443917229946
2973,3,0.0004901323175448764,0.0002601360822656428,0.9635584629686975,0.0024563556682735523,0.01728584789386412,4.098730996529004e-10,0.00022389094884462312,0.015725173710636482
2974,3,0.00020249402260657376,0.0004978794059805567,0.8810534116246025,0.04648778514859413,0.033959878442713774,2.7343663268244616e-08,0.016670876724579318,0.021127647287259896
2975,6,0.0016023167650343105,0.0022008014291862703,0.00029883774988843394,2.2706744950456687e-06,7.36712129835174e-05,0.9956292896202297,0.00012561486030341428,6.719768787959289e-05
2977,3,0.005422229389032889,0.0004788473701130271,0.8377235098837604,0.0014678115283226036,0.12709753016118663,9.617982185372148e-09,0.0002809874799418537,0.027529074569660257
2978,3,0.0008442533700787254,0.00011308231868511714,0.9494814318585374,0.0016148500176468583,0.03167621473408228,8.518666840669629e-10,0.00012737718881017406,0.01614278966029275
2980,2,0.001466692993338124,0.9561803532691653,0.0013369920923531587,0.0017136381130867949,0.00436634771352272,0.0010871721759253845,0.03309282973094422,0.000755973911664217
2981,3,0.022827966936373623,0.0006390197169083951,0.4983688991315324,0.0008510284968220445,0.440537663345202,5.465655044745532e-09,0.00010270706699745381,0.03667270984050911
2984,2,0.05818801200220241,0.7871009910096783,0.0383005101586329,0.003418035285039847,0.057114854898642396,0.0014029469851347411,0.04422828714442936,0.010246362516240082
2990,6,0.0017223511593853398,0.007305340595057117,0.0008763682950000422,8.490302470840666e-06,0.00012764968118042226,0.9893401232113584,0.0004781394553951182,0.00014153730015265881
2996,3,0.017153626703320355,0.0022347942821370273,0.774194980044695,0.011731836412722579,0.1472522940604603,4.843165916037874e-09,0.00034293616374702853,0.04708952748975193
3000,3,0.004732908669763167,0.0007556306752003581,0.9591457313978847,0.0018821959359224783,0.02034255245941286,5.563860095409292e-08,0.00039200518540258544,0.01274892003781269
3017,6,0.18668550912400156,0.0006862449476495164,0.0001883171224448329,1.191439051548795e-06,0.004037347497788562,0.8079999791480863,0.0001055517800009362,0.0002958589409768195
3029,6,0.03525679962279853,0.0009312100732002137,0.00012921879103781143,1.1739974678147111e-06,0.0007100547657068135,0.9628266619109594,4.3635363095578315e-05,0.00010124547573385946
3032,4,8.334732718012744e-06,0.00023734324015798589,0.03425386564091543,0.6448584708403613,0.00951214524813786,8.816324511547814e-09,0.3034629066682839,0.007666924813101019
3036,2,0.001965689784001971,0.7518858632954788,0.02590126197747267,0.0032885423055719334,0.0021022062008244705,0.00454440864813671,0.20810023705336886,0.0022117907351445654
3042,2,0.0012047066407423297,0.974725860184091,0.0005431719017982918,0.001707996155427521,0.005528042957129209,0.0008699075599404835,0.01498916130085107,0.00043115330001998616
3043,6,0.022843671463565283,0.06971368238486282,0.005717987128334867,5.252626762316722e-05,0.0019228725893628354,0.8913623693425589,0.0073643234208213846,0.0010225674028707787
3045,3,0.0006894879247363484,0.0002161217476164747,0.9690071015080848,0.0015790715907739584,0.02218598180226508,1.226997662276355e-08,0.0008765590043475055,0.005445664152199236
3055,7,1.0841990697909483e-05,0.00032670835603295614,0.059035034730651456,0.35906137968164364,0.02232585576473442,1.017550604845169e-08,0.5448083006196441,0.014431868681089362
3062,1,0.6502470162675044,0.028612970439630438,0.0021777652069724976,2.3841378397995586e-05,0.07993472191874747,0.2334610943203174,0.002479404819975181,0.003063185648454573
3063,3,0.0006164793496807576,0.0002776488451017335,0.9315124282565743,0.014785442440232464,0.03612324693750934,3.601717408574209e-09,0.001348933379373975,0.015335817189809949
3064,7,3.4459973446127407e-07,2.1629132456651037e-05,0.0017785880500383728,0.06115480288955343,0.0009147285947884678,2.2792218268736762e-09,0.9355775754421035,0.0005523290121031165
3065,3,0.002847462278948143,0.0015614895901213334,0.8910609834117997,0.009336489872284996,0.054260902825914635,1.4528029833258348e-09,0.0007744256519036327,0.040158244916224516
3066,3,0.00018888921312468348,0.00023688504227567931,0.9513312800977142,0.012342976744843134,0.015415604613442043,1.0871769868123395e-10,0.00042667043145534815,0.020057693748427165
3072,3,0.0010684815209904448,0.0002516593132205428,0.8469293195494413,0.01005202140482137,0.11321669250644054,5.232535021807471e-09,0.001178667627918771,0.027303152844632087
3073,3,0.003783080642098984,0.0006559934300900418,0.9648354652656037,0.0034334045657264272,0.01730026924709435,1.618648527506161e-08,0.00032870390435808035,0.009663066758543235
3084,3,1.3236109119213992e-05,0.0002136171390890603,0.8991558733712128,0.03737123863230176,0.018366952119877857,1.0583968801391412e-09,0.03773012890383777,0.0071489526661645715
3085,4,3.1282791031409e-05,0.0004162413729591096,0.02796553783223482,0.9297171169243553,0.00568756668096141,1.1681931030961679e-09,0.02076766877084675,0.015414584459417851
3090,3,0.000339928927756827,0.0001292005767788023,0.9623115286013117,0.0018656912949887973,0.02383628156014803,8.076053190943138e-10,0.00033969969152607864,0.011177668539884373
3092,3,0.0034966797995642103,0.00343230766128341,0.5695998810050981,0.183100637886133,0.09535064613891803,1.244824639892232e-09,0.0015373416732884393,0.1434825045908902
3099,3,0.0001263183212150399,0.00033008230646736596,0.8640688726750143,0.05343026854909251,0.04480516180191708,1.763713263843093e-09,0.004446325974847038,0.03279296860773357
3102,6,0.016030183911561382,0.0012082101316752206,0.00013515235515149153,1.0916088113937631e-06,0.00027706347926179396,0.9821999955769393,6.414123778135668e-05,8.416169881798591e-05
3103,3,0.00026803871879541773,0.00021190674003282223,0.7978419409435288,0.027769598465897914,0.08253289114544116,2.1922428007268266e-10,0.0006009745318301971,0.09077464923524943
3109,3,0.0062198517071854215,0.003088312954670087,0.9781497012273557,0.0003958579222566103,0.00601400803904433,6.0160222632678255e-06,0.002214922422991948,0.003911329704232766
3113,3,0.0004297501337787384,0.0007933466550688515,0.6561163955939874,0.057487871594164006,0.2085176906641194,2.0468290245532946e-08,0.022862818701117983,0.05379210618947352
3117,1,0.6582594587218342,0.009170627341540656,0.2502712872200932,7.33376652066938e-05,0.050697913031767405,3.29738469596171e-05,0.00175519853362667,0.029739203638971416
3118,7,5.106056227474364e-07,1.8816440387359362e-05,0.004118819019197069,0.032367460709504664,0.001118374141803724,3.2319370165586254e-09,0.9617956957929192,0.0005803200586283524
3120,4,2.3398865333965225e-05,0.0009210060896550293,0.10091158039611993,0.8047067625184113,0.013585113111729021,1.4267135329510172e-09,0.06525739591156955,0.014594741680467564
3123,6,0.007109697403587671,0.000982175729803019,0.00013462715097196102,1.283904872267404e-06,0.00015693366532265962,0.9915127976412769,6.01939624885248e-05,4.2290541676762225e-05
3129,3,0.01596634183857066,0.0007771039803480074,0.7783595157404657,0.008194324855394638,0.16859494468923109,8.0319395978168e-09,0.00023712395619681693,0.027870636907853588
3132,3,0.0043156137799728175,0.00037071900328748534,0.5018668577468447,0.014093982726794267,0.39706361400684353,3.884167141247674e-09,0.0007039550573113472,0.08158525379477878
3143,6,0.029567123440995796,0.001318859996086254,0.00014552956685399466,1.416596891364621e-06,0.0008436691525228328,0.9679211387886336,5.241315970884496e-05,0.00014984929830729694
3144,4,1.1084301679283042e-05,5.8159466900302387e-05,0.0027522069670951827,0.6698773412103317,0.0035703583569879215,2.1086053892497733e-08,0.32077111009213793,0.0029597185188139055
3148,3,0.0019334688508773964,0.00040129290429218674,0.9034848761080011,0.00109941804690511,0.07749918890439574,3.1421047101524964e-09,0.0004535051520233394,0.015128246891400373
3151,6,0.0006636390968317861,0.0013740261770783288,0.00026320349031358286,1.639738041092837e-06,2.1772986720646858e-05,0.9974957446872729,0.0001515563962205442,2.8417427521414503e-05
3170,4,7.67849469474582e-06,0.0003234298986719722,0.02301016986194391,0.6755485498534504,0.004016840022309487,2.9385128364067144e-09,0.2915111909856192,0.0055821379447976395
3171,2,8.38424008752742e-05,0.9475998356516604,0.00036065426872903346,0.00777227926320406,0.0009626056981933261,0.00022012097805898894,0.04287124591598313,0.00012941582329575413
3177,3,0.0001837081086644937,0.00013796265605725956,0.9434620559146282,0.007126658760412434,0.031455016066435706,6.705060472630404e-10,0.0009441631737029801,0.0166904346495929
3179,3,0.00510839074506251,0.00082469607155161,0.955264714023011,0.0014866097121508206,0.020688547219526517,1.1232929845217317e-08,0.00017040442437353447,0.016456626571394108
3188,7,7.131461814086366e-08,4.5352469810468116e-06,0.0003926043866732134,0.009043170332433884,0.00036410403056960877,1.0939113356781064e-09,0.9900453795859171,0.0001501340088956587
3193,3,0.026534021077793176,0.0017674562700783951,0.8209938273529066,0.0038070392064224693,0.10588992048697385,9.676847531410897e-09,0.00011863360052752772,0.04088909232845051
3198,7,4.714273638958646e-08,2.241214086604517e-06,0.0003080190040213177,0.003026882274181917,0.0005510725666484747,1.878861545959059e-09,0.9959820507198627,0.00012968519960114498
3210,6,0.012246899315129149,0.0019278837037107989,0.00024270202662859798,1.5244433166479012e-06,0.0002726583853812857,0.9851235107170863,7.97839038595861e-05,0.00010503750488764684
3212,3,0.003369506735560064,0.0005906288948038562,0.9254407386354976,0.0014256298581431595,0.05413756598580299,8.986499935878442e-09,0.0004263178695190671,0.014609603034173246
3213,6,0.0006335877610775523,0.02188900054552675,0.002875314889715948,1.2477518005589843e-05,0.00012852587326816714,0.9727396857494979,0.0013599623995706608,0.0003614452633373335
3219,7,1.3910652252278896e-06,5.250470229568191e-05,0.019949249748540576,0.07503782415578626,0.006986614427908312,9.32080284262399e-09,0.89624874747185,0.0017236591075912619
3220,3,0.0010771711562477097,0.0007114793085807836,0.9439160801613216,0.01035377754400147,0.03281794964514508,9.609909883653626e-09,0.0026789541019041976,0.008444578472889487
3222,3,0.048655328452112616,0.0034716704831795676,0.8634034168657818,0.0009301271763802736,0.06487537104269668,2.7537727382132023e-07,0.00032371029467213023,0.018340100307903083
3225,7,2.9009041271548926e-06,2.877249565671277e-05,0.0012813728327782212,0.10590918161587529,0.0026993881805014545,1.4209394441642709e-08,0.8890659526570244,0.0010124171046422311
3230,2,0.0017721181003113116,0.9560014913272991,0.002321287394409814,0.0009740746249859188,0.002378782393927591,0.010973375534231009,0.024336415321191934,0.0012424553036433602
3232,3,0.0009082310502046396,0.0001999530481272999,0.8428604556595035,0.00423909974004833,0.07792171959812402,9.477822985393209e-11,7.826960028153671e-05,0.07379227120893238
3238,6,0.0023247717689914393,0.006760070445661842,0.000795763208418792,7.941403345166849e-06,0.00010313387717077341,0.9892555584091586,0.000631844951427562,0.00012091593582589936
3241,6,0.05055344821290639,0.0121591976089035,0.0012297572370793754,1.0893059350145965e-05,0.0014478788423451742,0.933540929276211,0.0007273585370505687,0.000330537226153871
3245,3,0.0003929563185353422,0.0005189731456524204,0.976143971857367,0.006743519135688982,0.009339756049797577,1.5579138059776585e-08,0.0028320574029038104,0.004028750510916866
3247,3,5.596236102924136e-05,0.00011819597933154842,0.8973841408613547,0.01380993138182826,0.05984034087196927,2.355756107899952e-10,0.002429387817126428,0.026362040491784873
3257,3,0.00010744616708944222,7.146029067181959e-05,0.9311529288516545,0.004754984379120769,0.03762810061742858,1.5824732042453784e-10,0.0003818149742085544,0.025903264561579032
3261,3,0.0007569201102792285,0.0006844423423433988,0.9674345911900495,0.01692394359900451,0.006252536122063748,1.1413546699131027e-08,0.0009604896380700223,0.00698706558464286
3267,3,0.0019645865513715655,0.00029815601829656456,0.820537809170813,0.011913474714401864,0.0758387467690752,1.2117207908217832e-10,6.0138500193599985e-05,0.0893870881546762
3269,3,0.018840754184461708,0.0014631421119335932,0.9225951044410625,0.0005178010105806927,0.036509184334838414,7.404638050984809e-08,0.00012165241807578346,0.01995228745266665
3278,7,2.6077343629493947e-06,0.00016605153373425158,0.03444451769677315,0.04578644451097691,0.007935606977843285,2.6392958992109687e-09,0.909565636474247,0.0020991324327665167
3282,3,0.002274130227251777,0.0009953814952283156,0.9766180354133517,0.0018818680052758235,0.011179249131511795,4.105018042930505e-08,0.0008071185995563323,0.006244176077643687
3283,3,4.955609123661715e-05,9.89350985219531e-05,0.9669871487744218,0.009082399229424309,0.016862437998119467,1.9974052274026138e-10,0.002157081468524025,0.004762441140011311
3288,7,2.4037580293306926e-07,1.0202594218627272e-05,0.0009715803912317782,0.06660922042656284,0.00042532928735906716,3.2710623992818067e-09,0.9316054204569625,0.00037800319679993124
3290,3,0.0010146287886226408,0.0003953978971625724,0.9879410298166772,0.0004432815558678768,0.006486193131154177,2.6061702367150596e-08,0.000548621191745007,0.003170821557068005
3291,3,0.000725645598352597,0.00042585179254507854,0.9583681727712521,0.0022402102751637996,0.026394165566548656,1.5843537385138053e-09,0.0006484530224445513,0.01119749938933954
3306,3,0.029611316294863986,0.0037228552755929345,0.8681135020249751,0.0014224060206301343,0.0644322626888876,1.0934097043419707e-07,0.0004085110735039054,0.032289037280575854
3326,3,0.0019912061359655437,0.0006660608854882232,0.9112576695761794,0.004782276244962211,0.06611621624775271,1.9367352410853545e-07,0.0077966494399312495,0.007389727796196638
3328,3,0.00011362653111935971,0.00019178443625980342,0.9641934889219911,0.006436233235718737,0.018078981150769616,6.99647835790163e-09,0.005496602868596859,0.005489275859066051
3344,7,7.686314330103784e-05,0.0006775377120260105,0.13336172383268616,0.012797113726377261,0.016570151575952128,5.02973544459905e-07,0.8344590298142268,0.002057077221886054
3348,2,1.664620490179013e-05,0.9788132055081703,2.0010552113595012e-05,0.0017449003522838043,0.0008321808097860545,3.2828653952051085e-05,0.0185315042913644,8.72362742823081e-06
3350,3,2.7227997852631492e-05,0.0005238223736655575,0.6321189615270432,0.23337047801001756,0.018064645895750263,9.27466951344012e-09,0.10143410415176514,0.01446075076923622
3352,3,0.0009454645636491336,0.0006526322664514241,0.7067783022624972,0.06835426780864491,0.13407355399722845,6.424514830765809e-09,0.002646682892635056,0.08654908978437915
3355,3,9.116960266377019e-05,0.0002583285457974967,0.957699001001381,0.018642271829249046,0.013519853053089682,2.1882232807948802e-10,0.0017119490037323206,0.008077426745264533
3358,3,0.0022047000691827077,0.0004653906789257504,0.9402594809292176,0.004390407299581411,0.04031597848843729,8.97297913934974e-09,0.0007354363292018614,0.011628597232474227
3361,7,0.0001389472450751817,0.0024918260175898297,0.1257398742580558,0.040907471409075406,0.019546895650686385,2.3059321809267917e-07,0.8077456358776246,0.0034291189486744837
3369,6,0.023445487119904906,0.0013094384421780936,0.00013664655133010872,1.5683610221553814e-06,0.0003320851277321907,0.9746225579751482,7.595272681015372e-05,7.626369587411302e-05
3370,3,6.754372718345152e-05,4.351674528217554e-05,0.8576102171267105,0.006509340327943711,0.1116199924491304,4.0711746225360415e-10,0.0015927119094740635,0.022556677307158365
3376,3,0.0002676651111132428,0.00014001784144471632,0.9436880949817372,0.005197212757017304,0.03740440935951549,7.89739977207593e-10,0.0008643934293435557,0.012438205730088353
3377,3,0.0006043302891080479,0.0007287931744857641,0.8752901328250874,0.006142857455684638,0.088012209745201,1.4052355757069078e-07,0.021819798991793045,0.007401736995082438
3380,6,0.09020750031879174,0.007540379606012286,0.0008377341069093646,7.697366864607323e-06,0.003271075586960915,0.8971227719953787,0.0005808090927451648,0.0004320319263373166
3384,3,0.000178969264041269,0.0005662137213694561,0.8876592869387785,0.06233667565104658,0.025589199070671975,2.7205932268271396e-09,0.006930390397865047,0.016739262235634128
3385,4,5.931184738943302e-06,0.00012745412871575462,0.01393073487207065,0.6454799360363924,0.007722680519148409,1.0082353943765811e-08,0.32443007084504066,0.008303182331539205
3386,3,0.0005678510606694107,0.00023180011928177358,0.9655652904384535,0.0036579480814272255,0.022337436090506493,3.348191054638397e-09,0.0008133532433924318,0.0068263176180781366
3389,7,3.63311572744776e-07,1.987135416700384e-05,0.00030640367239610214,0.003483993026440735,0.0003358870277233861,7.48042168924099e-09,0.9957899914531182,6.348267416020332e-05
3391,6,0.016228699188528692,0.008536921799936321,0.0004204114527851341,6.544455694225861e-06,0.0006688516364023566,0.973597494395541,0.00033871984738151,0.00020235722373086114
3392,6,0.019482207041958872,0.013644037882230476,0.0014934732392535598,1.1782836855039504e-05,0.0008774154315385443,0.9629085682598096,0.0012488317772302875,0.0003336835311236742
3407,3,0.0001939419717852602,0.00021977654012366685,0.947507879961115,0.014088684468887417,0.02586014446582983,2.5327480773701195e-09,0.002049303669238561,0.010080266390272118
3409,7,0.000618369853338038,0.009499460832265641,0.22730052831513567,0.003209368859235488,0.16202024817264615,3.533678591926167e-06,0.5966840174205826,0.0006644728682043653
3417,3,0.000520125967126282,0.00036369278419337445,0.975549325769571,0.011781484450011207,0.005854943068156959,8.15001882555382e-09,0.0006339670007801103,0.00529645281014213
3419,6,0.012055505846529419,0.007210809492077918,0.0008154185431614106,1.1880104838061548e-05,0.00026199285740521026,0.9787341028359537,0.0007668467147630499,0.0001434436052711176
3421,7,9.956038277006647e-07,1.730448335020969e-05,0.002345322537787555,0.014374652099450026,0.0013243832200438461,3.2721947533021204e-08,0.98158680700737,0.00035050232622298584
3424,2,0.10490509448540453,0.6695909352121031,0.012278575939501359,0.00032763636048074244,0.01238016714303796,0.16128849727276215,0.035895616237320356,0.003333477349389782
3426,3,0.0016564846243254205,0.0004464437699235369,0.9642986044472834,0.005255784194131836,0.020357988212889956,3.3521045210143703e-08,0.0009275874815855352,0.007057073748814874
3429,7,0.0018152819351733302,0.016828695244770667,0.08795203910587827,0.0254039833022032,0.03249832333133994,1.1498917047397813e-05,0.8325570946129461,0.002933083550641163
3430,2,0.0011641967314512237,0.9728470749342814,0.0010048716842788778,0.00239274856362544,0.002579973326405783,0.0032502165443265892,0.01585831603871385,0.0009026021769166317
3435,3,0.0010547893534415087,0.0003943934360314064,0.9481382192122071,0.003774017948283298,0.03942450288116703,1.937983011018875e-08,0.001976245565467305,0.0052378122235722975
3437,3,0.000759428403785103,0.00047689848758381844,0.9117925152829681,0.02013764694843275,0.021263917047517445,8.533268102851256e-11,0.00010962055153568893,0.04545997319284429
3438,3,0.0005735898714418258,0.0014236684701484773,0.8876965477264214,0.0057888734018125745,0.03224860734440201,4.482562018402935e-07,0.06996717789999166,0.0023010870295802326
3440,7,1.897564997973219e-08,1.4488558584568485e-06,0.00023012620413855484,0.0031135240737381865,0.00020740389009911452,1.0675935269815545e-09,0.9963738731432538,7.360378966840165e-05
3441,5,0.21332160633460698,0.007539036705174244,0.22509829511359541,0.00012045227285131862,0.51060132039377,1.5796496542062294e-06,0.0003509818661418371,0.04296672766420609
3443,7,1.5910069502015366e-06,0.00010356260126748386,0.020896415297812408,0.059926480022354345,0.00635513331574377,2.839449803930866e-09,0.9103907905275771,0.0023260243888448278
3447,3,0.0012460083432154574,0.0011805475167517836,0.4835408383711075,0.06639889575169944,0.19307788081670788,1.6193052709638963e-10,0.000659646118491956,0.2538961829200954
3456,3,0.0010173158540652892,0.00021719680252467672,0.950848969524698,0.0036414534126224868,0.033355542563431366,3.898433190163995e-09,0.0006601924600486062,0.010259325484176537
3457,3,0.00011142653606265894,0.00023012269770095599,0.9565795406276848,0.008310347345639017,0.02159659508378082,6.243124955840374e-09,0.0057941730400719186,0.007377788425934831
3466,7,7.650316926584241e-08,3.3850019201798386e-06,0.0011891375544479561,0.010840351512918175,0.0007198668051434059,5.405275530023625e-09,0.9869504773855121,0.0002966998316133738
3471,3,0.0028188956098096534,0.00052997808394106,0.9554400345382961,0.003496053375365349,0.031167029473588646,8.362719902360497e-08,0.001631970432198929,0.0049159548596013425
3478,2,0.00027589530429322225,0.9009087385884064,0.0005952596900284104,0.00921414220326669,0.004679940231963324,0.00047375189082152084,0.08371300069083745,0.00013927140038306736
3483,3,6.372099495928528e-05,0.00029520305098903375,0.9298062578979541,0.032929879269698245,0.019319180246943384,2.3252847321279844e-09,0.0070722079473944585,0.010513548266776718
3484,3,0.001172541979387174,0.0003150780282165442,0.9446336597098474,0.006948451699549579,0.03196805745098261,2.295141232219406e-09,0.00040417070325829315,0.014558038133617278
3486,3,0.004811214464758333,0.000700451389917998,0.75014490517065,0.017391898437461414,0.1597273992770525,8.810780225037011e-09,0.0008255980661292585,0.0663985243832502
3487,6,0.0008528313950297001,0.024415655275122426,0.002935262130464198,2.3600541379746772e-05,0.00010128824765155845,0.9686767793496884,0.0027335664464887863,0.00026101661417515587
3490,3,0.0009845132499947445,0.00041085431717660605,0.9923413938264044,0.000262302066506456,0.0032260949554670094,1.3608685407017244e-07,0.0005877118902692919,0.0021869936073275428
3499,3,0.0069678819902528315,0.0007370366632112281,0.9233955889371368,0.0018896325385383587,0.038448580700037115,3.070657437289943e-09,8.135901353647797e-05,0.028479917086629718
3502,3,7.391845510545261e-05,0.00022946848067800178,0.7109400610246234,0.06733580971561573,0.15249841596057298,4.162549509491826e-09,0.04550688860431073,0.023415433596544275
3509,7,9.393412489937609e-07,1.6061760546523476e-05,0.0018075847087931213,0.1023033978588342,0.001079720478566651,9.05422532704806e-09,0.8940975010335278,0.0006947857642573343
3514,3,0.0005478136163553878,0.0007869877064208777,0.9509339698631306,0.010965168411585501,0.017596857732254792,6.191326341661445e-08,0.015747498011957094,0.003421642745032268
3517,7,0.00024321617288706646,0.0030706062378230213,0.1409027272592765,0.12690316068270935,0.020548073875576108,7.088508018575018e-07,0.7001602958086002,0.008171211112325896
3520,6,0.026534409746107965,0.029468925083787293,0.001518117726148085,2.9726116372643543e-05,0.0009100927794182385,0.9390093459486282,0.0020568812815489304,0.00047250131798876727
3523,6,0.05680686577534487,0.0018733045620079054,0.00014500466285686375,1.6768570384382864e-06,0.0007247787657588509,0.9402256326550906,0.00010652117245997088,0.00011621554944245217
3524,7,2.7751340306407763e-07,6.302265279103572e-06,0.0007872879650407417,0.03148739784788301,0.0005459033005548848,6.349721799550477e-09,0.966952896319641,0.00021992843847642383
3533,3,5.8171285115974025e-05,0.00015799673799584028,0.9113752435720422,0.029878988148392915,0.03257043778202542,1.1724615804699586e-09,0.0036951466802682587,0.02226401462169778
3535,7,1.0894114458052974e-05,0.00025184714457220905,0.1499110752499255,0.22527945317245765,0.02733300805921803,1.815959757384164e-08,0.586898244406138,0.01031545969363292
3547,3,0.0023131683391845255,0.00040308830390588403,0.9371106743539341,0.006436564288781045,0.03933335829953207,8.317270214236054e-09,0.0004326051979312835,0.01397053289946067
3549,3,0.0062081956217106896,0.0018978134928154926,0.9750997878990316,0.0010770073727829582,0.008321616286174794,1.57935391110255e-07,0.00046591248843422196,0.006929508903659089
3555,3,0.004338080418816919,0.0007021196072974822,0.8928152237837783,0.007451921908937414,0.06970176782811022,4.6025945063865305e-09,0.0003631756750155312,0.02462770617544949
3556,3,0.00010300209563928885,0.0002641526014892013,0.938776624179232,0.006544706416312831,0.035344278432545645,1.2606542607720465e-08,0.011446550432542882,0.00752067323569556
3557,4,4.108079403676999e-06,0.00014698154286486615,0.01092664715910228,0.5275304778950756,0.007216875742887525,4.878701769326671e-09,0.44658344261833544,0.007591462083628896
3567,7,2.443563554505208e-06,2.579554472141936e-05,0.008948165227647732,0.0914826500713748,0.0055677160058387985,4.329764787946649e-08,0.892777852784606,0.0011953335046088274
3568,3,0.0023950308238452817,0.000920893085465637,0.6892440654340151,0.030096672814908444,0.1732621728223976,9.351958344765589e-10,0.0007000601598323043,0.10338110392433979
3570,7,3.710329080875718e-06,3.32389711380069e-05,0.005561084003456644,0.12004092027276768,0.00643112373269403,3.5685725440794564e-08,0.8655714670626751,0.002358419942462304
3571,6,0.031849257372318945,0.058400104482903746,0.003539150197781576,6.8013707337581e-05,0.0015817505472908746,0.8993069699564725,0.004701278226562129,0.0005534755093328134
3580,7,5.081761102296203e-07,1.4428738800917396e-05,0.00498442981211552,0.04962003794820971,0.0015107643020008045,7.682842434160886e-09,0.9428374628756966,0.0010323604642237263
3584,3,0.0010199212738488525,0.0002542480429931582,0.8188755372619683,0.008673602567267031,0.1315884984185403,4.93331520887146e-09,0.001335588478089888,0.0382525990239773
3586,3,0.0005671050418039618,0.0029489306791738107,0.5097444978725296,0.18859886575124352,0.17367863237210673,1.8948151364556013e-08,0.05103641472549495,0.07342553460949598
3588,7,2.909265668732698e-06,8.261924608221303e-05,0.006783847573856476,0.0427437155952923,0.003203786357418146,1.3778213937954143e-08,0.9459115018302949,0.0012716063531733597
3590,3,0.0003853861091853543,0.0003185504977913623,0.9501944075483341,0.013993934393650721,0.014047590055898002,3.9848199409173733e-10,0.00029891125724489597,0.020761219739413837
3593,3,0.0003300277061803986,0.000511635224864602,0.4162315393395043,0.08783116140337602,0.23005371530696006,1.2157681183459552e-10,0.0011796802739884745,0.2638622406235492
3596,3,0.0006542607109270473,0.0004434069080156802,0.9088914871660442,0.028966057663506187,0.03048282682510537,2.5180844596103327e-09,0.0008078449299924728,0.029754113278324525
3602,3,0.00011679632911884913,0.000794574084265967,0.6301161043502526,0.20516546652540632,0.03476850026306244,1.0914799787872476e-07,0.10918174655084698,0.019856702749049153
3606,7,1.9365718022153848e-08,1.6926804254656214e-06,0.00014673021429156938,0.004172870958717489,0.0001530688007126922,9.394525570150467e-10,0.9954668466575008,5.8770383181515246e-05
3615,6,0.0007060153559319057,0.01208426693032734,0.0018185055025428632,1.2506684523824161e-05,7.426962598867023e-05,0.9839976915860766,0.0011443868490938305,0.0001623574655149445
3617,3,0.0013593596568080458,0.000615234621352139,0.9074433538518897,0.018416012870142804,0.05191543874660993,1.1049799608806453e-08,0.001912055392137644,0.018338533811260185
3618,3,0.007449235869673415,0.0018288427637468577,0.9726273825734524,0.0002888303953871457,0.01099048585931078,1.1951158538061903e-06,0.0007508442272601948,0.006063183195315365
3620,3,0.00016085707407978049,0.00019494643214285927,0.7512433974169792,0.0898903616258234,0.08283577861365472,6.837339413152148e-10,0.0017187732528036838,0.07395588490078225
3621,7,0.0011365068437248207,0.011759237601637107,0.1560979033578405,0.02703048862536582,0.04993607064262749,3.038671656512173e-06,0.7487074614688642,0.005329292788283603
3622,6,0.014140801523138905,0.0016996110536318283,0.00027704335716543995,1.1678660940809295e-06,0.00031776267414974885,0.9833546949119745,0.00010626071995147515,0.0001026578938940731
3625,6,0.003831116352085338,0.17363144654514234,0.006142522799659241,9.355423486964368e-05,0.0007481630635961278,0.8052183840236499,0.009165757715805304,0.0011690552651921512
3629,3,0.0970675762463223,0.0038073532865905203,0.8716173602696702,0.0002976856341547452,0.014620159597696757,1.4733583597598391e-05,0.0002512402392541673,0.012323891142713869
3632,6,0.00433266047412588,0.001942420659398918,0.00037364795145159975,2.055421899017452e-06,0.00013037629357689644,0.993008235538081,0.0001252790866628594,8.532457480392008e-05
3635,3,0.00031100914931115036,0.00047784037151005595,0.9478388606380957,0.017989231936658405,0.020241616019582288,1.5989126630057207e-09,0.0018714485047918487,0.011269991781137693
3636,3,0.0018089981599363602,0.0018882874001392488,0.7361721763968981,0.02030728518308635,0.18099248248908661,6.971688489366501e-08,0.020384292102972636,0.038446408550995646
3644,3,0.00030382649427845225,0.0001755713934711771,0.9607698338362816,0.007336312396939999,0.022175295453127915,5.703626418806874e-09,0.0013674863810851333,0.007871668341189271
3647,3,9.759751591477928e-05,0.00013784024109553505,0.9485323175539371,0.006887081896973568,0.031591575767502385,5.585184996168641e-10,0.0018976140394734687,0.010855972426584612
3649,6,0.09417282985603512,0.03166248139450399,0.0020839095229664394,2.563462741650265e-05,0.00623005325504415,0.8628628375000519,0.0017095691967279765,0.0012526846472541199
3656,3,0.03967064985747113,0.0017512265307886368,0.724711707891762,0.004724454746574524,0.1821105033567509,1.777347650225044e-08,0.00017615493017595596,0.046855284913000374
3657,1,0.7438615032961091,0.05437527492889658,0.07589011013731155,6.982598191252708e-05,0.1017871151061555,0.00016267327415603303,0.011836885788608703,0.01201661148685007
3661,2,4.1241674225229286e-07,0.9942711153655414,1.3527555097460956e-07,0.00010879467388097479,0.0001286727094833799,1.07564811217317e-06,0.00548974874117481,4.516951408863911e-08
3663,3,0.0013137944653067353,0.0005926717984263622,0.9626588263791538,0.005502752999965764,0.017149767118394495,5.684015881900477e-09,0.0006232220730329845,0.012158959481703974
3668,3,9.210762400323184e-05,4.582642809827825e-05,0.7880929899678754,0.017078320418208042,0.146689745824035,2.5215095458215733e-10,0.0009585681521339188,0.04704244133349519
3670,7,0.0011045782545104025,0.01418305326779958,0.0756148930127068,0.022453842941305608,0.09523182292960547,1.4823588880786438e-06,0.7866431385378104,0.004767188697373681
3676,6,0.006278745190467274,0.0013201755666357026,0.0002838706170328477,1.4804566942415624e-06,0.0001129734123325881,0.9918682999319166,7.876426642318402e-05,5.5690558497464215e-05
3682,3,0.0023409486171618757,0.0008005793900764546,0.9336318947556179,0.0028301973585897464,0.04448632857437066,1.5330234270358768e-09,0.00047335531866037284,0.01543669445249947
3685,3,0.00018601973694773121,0.00022138594156111905,0.9458110777449825,0.008735683288149505,0.03229251679406337,7.295414096485678e-10,0.0018736019467309238,0.0108797138180233
3687,6,0.005074209796713611,0.0010321284089143978,9.988142903286798e-05,9.58195076063634e-07,0.00010839343918100334,0.9935909035113485,5.167120606440936e-05,4.1854013669321706e-05
3688,3,0.000524594972068012,0.00047433062789909786,0.9129947639565938,0.007713502696933653,0.05742486483663847,4.3832126677761306e-08,0.010162575459919129,0.010705323617821191
3693,4,7.827507145464617e-06,0.000329256342355346,0.0784708855196645,0.5201293848343722,0.006300608770458996,5.547363240715904e-09,0.3871427254141659,0.007619306064474314
3695,3,0.0007422213637375218,0.0002867984639431733,0.9095034447843298,0.015187840817070471,0.048895131292875406,3.1632501238771162e-09,0.000932761311360692,0.024451798803432748
3703,3,0.00020520932993401536,7.752617633880887e-05,0.8804088246368977,0.0057661203286166,0.08834140653788894,3.5458152083619443e-10,0.0007038705724720503,0.024497042063270243
3717,3,0.0002863186944471787,0.000381850499257313,0.9207057294775122,0.03833898018030167,0.023649849546878033,2.882435842911953e-09,0.002531657325583024,0.014105611393584563
3729,2,0.004428130532851396,0.9677352075243906,0.0014348076582635357,0.00032423454764079877,0.0024308602596118615,0.0087936629904287,0.013317294216520007,0.0015358022702930878
3740,7,5.9123922905663184e-05,0.13623334917100144,0.00039033577393343194,0.025672520802738498,0.0019227205502696661,1.8931994093525866e-06,0.8356649924617277,5.5064118014249835e-05
3743,3,0.00044440569539685857,0.0002977179859287245,0.9624810266417604,0.010017360217326387,0.018648616863224367,2.701379940503489e-09,0.0012475486051571445,0.006863321289826404
3746,2,0.012932218351851177,0.9453197174530624,0.0027715760378181514,0.0007372518108040348,0.007094884343736521,0.008976482710805303,0.019122828415395157,0.003045040876527195
3750,7,5.98196899337483e-07,2.239160397274511e-05,0.0022766887650103136,0.01748621602581697,0.002613541397668195,2.53118350788766e-09,0.9769220338192107,0.0006785276602381693
3751,3,0.00020336656182169135,0.00034000402988082674,0.9450070151360729,0.011816097451348883,0.030464787752945793,2.8735868316689162e-09,0.0036464431518925685,0.0085222830424505
3753,7,2.1062596444093536e-07,1.2836784897487715e-05,0.003855716288432413,0.03493364102994524,0.003524354431193492,1.207751191189843e-08,0.9573130189790308,0.0003602097830242505
3759,3,0.0002355598157977587,0.0006953107412908395,0.4667727795678518,0.2460548943116865,0.08913294270889088,1.9124399299235173e-07,0.16055150836254936,0.03655681324793983
3766,3,0.00023544727242272412,0.0008162802425100492,0.9233119442627727,0.015004681529162324,0.01855230238153236,1.1932516138736349e-07,0.03794278929572738,0.004136435690710958
3769,7,7.268645314784434e-07,1.4419959948344387e-05,0.001181139775057848,0.11272847802571348,0.0017485231166952258,7.4233401013697554e-09,0.8835072814905417,0.0008194233441718254
3773,6,0.0038006484913640738,0.0019864985281930992,0.00032983933634370095,2.631458238158998e-06,9.769383954381869e-05,0.9935615386317813,0.00015949580244016277,6.165391209549805e-05
3782,4,1.2225317353267868e-06,3.43013054147571e-05,0.001304660416056021,0.5597408579734743,0.0008387463203511903,4.058714701224431e-09,0.43610623456969944,0.001973972824554315
3785,4,0.00028459777281727115,0.0004742237532885111,0.22406786766332512,0.3300682907545052,0.32138538511043846,3.2754518817624952e-09,0.016334072900758778,0.1073855587694148
3790,3,0.0003339944559077379,0.0004850999242229381,0.928819124639857,0.016288100634028236,0.04001974399058019,6.588169776557853e-09,0.003975600918020063,0.010078328849214094
3793,1,0.6186894048246626,0.011760905465922152,0.0019232285213013805,1.2280968256110456e-05,0.04709322082547706,0.3172098226484922,0.0009200929687068845,0.0023910437771816327
3796,3,0.004448356955204654,0.0006370613930189045,0.9527770928262984,0.0005534733307182836,0.020185402149736378,3.26432962884876e-09,7.814168114788595e-05,0.021320468399545968
3797,5,0.02592000668672489,0.0005907454905416751,0.30659704435103624,0.0008551367261986634,0.6484940833495482,8.691490458594512e-08,0.00106307641479379,0.01647982006625181
3809,3,0.0005232441617714278,0.0003663045186152777,0.9650588672032661,0.0028044617920954286,0.024216814368501382,3.963002277200001e-09,0.001761086108864142,0.005269217883884009
3813,2,0.022687176953185156,0.934689778704858,0.0015981736134178229,0.0003792200127529701,0.00870538981789413,0.019703772094929524,0.010483235850034732,0.0017532529529276088
3814,6,0.0005377579169322792,0.0008631364329072633,0.00019035127789024712,9.9649160889302e-07,2.3659319899967927e-05,0.9982752625125725,6.958310774474153e-05,3.925294044415248e-05
3817,3,0.001121111201762025,0.0008630362287629155,0.8190838017620002,0.04243668704606194,0.08160653815222703,1.1326182621480294e-07,0.01379509885070359,0.041093613496656106
3824,3,0.0007320899342574549,0.00036269074618588417,0.7954220813443362,0.008071045069599119,0.0945110204739227,2.330564525483706e-10,0.0003361465740711168,0.10056492562457113
3827,3,0.013367069075907958,0.015101194614447866,0.9506497037075393,0.000426929226561679,0.0036574381604474056,2.263329460903722e-05,0.01293756493153934,0.0038374669889473215
3830,6,0.09073475247599819,0.024936418240483506,0.001498162383500253,2.4325049529621122e-05,0.0052418982079514035,0.8753725285201109,0.0013972698318657614,0.0007946452905603553
3833,3,0.007677024381484876,0.001372769451184171,0.9653216871466541,0.00028480294737771747,0.01955911429063255,1.2519047324597984e-07,0.0004722393696243372,0.005312237222569126
3837,3,0.0008478454519332098,0.0005308330436357144,0.8316831941195614,0.03213009293902936,0.09300325601847484,1.6488224252220898e-09,0.0012822239180644045,0.040522552860478525
3838,3,9.314571653708962e-05,0.00023300301539971475,0.9270575782419191,0.029244010279249232,0.019797335971738165,2.549630659206517e-10,0.0011563213532455082,0.02241860516694815
3843,3,0.0006354036877804982,0.0005301909777741593,0.9525785001490041,0.006953800166020045,0.02981009311453058,1.1138099102889926e-08,0.0026165844275246137,0.006875416339266809
3845,7,1.8412730146214594e-06,3.536318331324976e-05,0.005102212467270785,0.1347961895281987,0.0026967903714765888,3.2300820120660235e-08,0.8554442305426415,0.0019233403332643976
3847,2,0.28129092712491444,0.35449457208046153,0.006872531138030011,0.0001323219540751381,0.04461366007313644,0.2920919060525951,0.01635078820930088,0.004153293367486399
3856,3,0.0034535570471744327,0.0006971641156961415,0.9506458565615342,0.003083832655340649,0.02768861397564037,3.3254826480753273e-09,0.00025696091473463703,0.014174011404397065
3857,3,0.00031696933608225513,0.0007327409658195365,0.7750795868695999,0.10323737125120298,0.067330906960549,9.383209282789167e-10,0.0032999093191805277,0.05000251435924495
3858,3,0.00038977370287730367,0.00011493148587498738,0.9525619374364879,0.0035492148181141413,0.02854259650603467,6.271333757877026e-10,0.0003207324836859825,0.014520812939791529
3860,3,0.0028442614557882633,0.00033313149225968155,0.796060640523546,0.005171756150498175,0.13256762150913337,2.929916715235684e-10,0.00014252102410468326,0.06288006755167826
3869,3,0.008137742582076187,0.0003758510360089168,0.8446486415108342,0.0067877614181667085,0.025086226008651395,9.160513526861043e-10,1.2205876743400112e-05,0.11495157065146784
3873,3,0.006810924934556725,0.0007308749474829939,0.8930716741319319,0.0022337668283827616,0.06779111322971251,5.744489450874213e-09,0.00015199158580432102,0.02920964859763925
3875,3,0.000201861298166265,0.0002000665167729895,0.8042616623524801,0.016443566128525402,0.12787063117915298,1.7966193897599151e-10,0.001458804743419718,0.04956340760182062
3876,3,0.00014915235023587128,0.00015392363302489082,0.8622097638993119,0.011732055841281182,0.06939112728728955,1.5130508118572008e-10,0.0006289099981504032,0.05573506683940126
3883,3,3.836829062536342e-05,0.00012234476025888932,0.921806180691316,0.01058894117077823,0.04835470017758815,5.954546988490045e-10,0.006778112388417182,0.01231135192556134
3886,7,1.7589050638822488e-07,1.6504619248009905e-05,0.002580486609681928,0.045424917223820006,0.004059775455469423,7.567072519160708e-09,0.947346197314604,0.0005719353195978336
3888,4,2.944953828814725e-05,0.0008369356966773669,0.09650166342500634,0.8265007317567877,0.01804554181904342,1.7191746020196338e-09,0.04021638867993528,0.017869287365086986
3890,6,0.0189811236080128,0.04966509788631506,0.003919721214982784,3.398608758905199e-05,0.0018941929418734601,0.9201958126506287,0.004527591381858979,0.0007824742287391506
3891,3,0.00014692157042841614,0.00021642708509559455,0.9178035719303084,0.021307944785662447,0.03234997683266434,4.126109811613825e-10,0.0010567497399535124,0.027118407643276214
3903,3,7.799349646902902e-05,0.0001925623569800266,0.815521891317257,0.056725949872909825,0.0828359863853323,4.258748683644482e-09,0.019708387673296617,0.024937224639006387
3906,4,1.2929584746302177e-05,0.00032542201204360745,0.049644838528998175,0.9150656119787597,0.003787953098803115,1.7864693064821352e-09,0.023570170817461402,0.0075930721927182235
3907,3,4.435396203164248e-05,0.00015121436952412792,0.8522705055468239,0.04585927356523591,0.06773939278632135,3.826325672604841e-10,0.0053479135394661325,0.028587345847964338
3915,5,0.008784712144445376,0.0051755285457815835,0.2157508910085704,0.0010338534210328416,0.6889335291123192,2.0554834844935727e-06,0.07445721061366406,0.005862219670701979
3925,6,0.001744396141496457,0.0012390666069619781,0.0002923879536882251,1.756672820615179e-06,3.2156499078042966e-05,0.9965373516690117,0.00011325453857149399,3.962991837150234e-05
3926,6,0.002130017914274005,0.0014257603713129286,0.00022574697146925446,1.773547184741933e-06,8.039199186854628e-05,0.9959801922730478,0.00010129630946571782,5.4820621376965155e-05
3928,2,0.008212917235093107,0.5789779864119522,0.045164561484223924,0.008945049226320091,0.016171167268439354,0.0024018625717921,0.3365472394425523,0.0035792163596268987
3929,2,0.00011764905281641704,0.9777046006807109,0.0001996960072675163,0.002682658210065195,0.0011882538231810218,0.0002914691921623969,0.017681270503020183,0.00013440253077651334
3935,3,0.00025090007222224454,0.0009379323044146811,0.8836574559104908,0.01980677902237271,0.027739129818898534,6.289317401158195e-08,0.062303433020765873,0.0053043069576608586
3936,2,0.0001841297199392147,0.9531070240433074,0.000482396744015912,0.004731305324790244,0.001714399923102514,0.0007096112644652964,0.038843133438056156,0.0002279995423231334
3940,7,0.020657922058945195,0.13152109357502284,0.3629711403913286,0.011792538878427985,0.023355402113866785,0.0001774384259910247,0.44613301899184443,0.0033914455645731806
3946,3,0.003134246734716097,0.0005893561096366141,0.8394250684921531,0.00807700290247279,0.12775495154154545,3.831470817955913e-09,0.0008941487268351956,0.02012522166116974
3956,6,0.016991981391596373,0.018237613576499508,0.0012975058559830039,1.2156103975992396e-05,0.001046111010933165,0.9607028881899392,0.0012590961860742473,0.0004526476849985018
3958,3,0.00039639475504004085,0.0003311464357539598,0.901790462115724,0.018398435775551173,0.05308050326113278,5.005484193840899e-09,0.002568003365219636,0.023435049286094217
3960,6,0.0016264668688012371,0.012257548565148105,0.0016976733066098764,1.12376461870742e-05,0.00017470942223565044,0.9830472511568686,0.0009799361961890334,0.00020517683796042856
3961,2,0.030795192781529517,0.6026983507548396,0.0465329292365721,0.02514286689598182,0.05960328985918248,0.0008438969197105049,0.22770814291435,0.006675330637834088
3968,7,8.77460910370524e-05,0.0017040143823746161,0.1445749066572834,0.008902992963572096,0.01096141587511625,3.2578802990027014e-07,0.8326223784945815,0.001146219748005176
3980,3,0.16688056972751186,0.007053848358822091,0.7771950517263728,6.889143174980485e-05,0.03304058854030773,9.609111968386994e-05,0.002166683117070969,0.013498275978480852
3981,3,0.010567000352725264,0.0020272438694886757,0.9582628318283576,0.0011010648446948786,0.013991086633877738,1.187619493722616e-07,0.0003194266006526184,0.013731227108253924
3983,6,0.015151987874931674,0.00410841538376753,0.0005640423187903684,6.4093691683997555e-06,0.0002578679640251188,0.9794582480781032,0.00034241908063202455,0.00011060993058184567
3984,3,0.006908347294497285,0.0034045769438207038,0.8819137805015373,0.004423649389079598,0.08395297419318785,4.4947682275950325e-07,0.011163272335218242,0.008232949865836111
3989,6,0.0009918497881074666,0.0006359739002497787,0.00013268125613107734,8.948202749976793e-07,2.2879081698998345e-05,0.9981493702444898,3.855036738791477e-05,2.7800541659953484e-05
3992,6,0.012796361369333143,0.018046668924153814,0.0014725312747821517,1.352426385248353e-05,0.0007821565320596784,0.9651167680030485,0.0013454303152075986,0.00042655931756263555
3994,3,8.738705951991017e-05,0.0002746433586877016,0.844657628469192,0.028611328490557236,0.08567634014418792,3.760498545592408e-09,0.01489049246710513,0.02580217625025156
3995,2,0.0626915132327798,0.8158471046604214,0.009273108738040936,0.000910275488065927,0.01133143216841145,0.06302384100197517,0.03286394059356008,0.004058784116745159
3998,7,0.0008413696240575698,0.022585821646019508,0.028270170568851692,0.017207618189509433,0.033104716118617504,2.8738619741248125e-06,0.8964622216063309,0.0015252083846390855
4000,3,0.0002954469868268218,0.0003006902028107881,0.9637899504429296,0.0068403074976136685,0.021054572017651107,7.791898374996948e-09,0.002986288236096533,0.004732736824173231
4016,3,0.0007447068968371848,0.0003588252655855936,0.9237081464107758,0.016299470146636248,0.03461072934222338,2.685432619739563e-09,0.0007441465136784289,0.023533972738830698
4024,3,0.0007707289160595134,0.00022115735963088693,0.9770393709829633,0.003121097892850955,0.010949604662832301,6.968035004632401e-09,0.00031370533260359745,0.007584327885024384
4026,3,0.0034060929865448973,0.0007457393634204194,0.932372402102485,0.0007783484905693401,0.05088396309359033,3.4558534277478697e-09,0.00033683087462597157,0.011476619632910762
4029,7,1.0789079969341416e-07,1.0933544115145948e-05,0.0012186893980020961,0.005284849793125495,0.0005707551234494846,7.805636706651589e-10,0.9927651561689044,0.0001495073010401291
4031,6,0.0074548812909995925,0.041817099649271196,0.003635826842483515,2.6145463475871168e-05,0.0006761958558870328,0.9428293685995144,0.002768124465084115,0.0007923578332842482
4033,3,0.0002990881762261534,0.00040778032534690626,0.9676738685172007,0.00967871245166355,0.014829353873200567,1.5632798183141176e-08,0.0037979950061589893,0.0033131860174049287
4038,3,0.00035198443629781,0.004160538382532444,0.4140179603399629,0.2352684310094809,0.03256858043925894,1.3571095998181257e-07,0.2989568400122824,0.014675529669224705
4053,3,0.001132417766993443,0.0004430938670874145,0.9883430785877905,0.0017811451172861736,0.004509167748449596,1.2003065542731549e-07,0.0011739551097825977,0.0026170217719548115
4055,3,0.0002424477416105616,0.00025274615550462505,0.9461179948928452,0.01874292753654539,0.017282480557425522,3.3564066349623735e-10,0.0006274335852266153,0.01673396919520124
4057,2,0.00039031860976304833,0.9301283449742511,0.0014870865633834535,0.00562824299412184,0.0020785184259718976,0.0012517074836610326,0.05871205593682692,0.0003237250120207315
4060,3,0.001338512570724877,0.00036635065524823657,0.963948363107468,0.0028067846022751396,0.023004860029945104,2.6892756670712032e-09,0.00039088605088016966,0.008144240294183046
4061,3,0.0023212759882172674,0.0006566806240460606,0.9401124122739626,0.00990287720230388,0.028698806423286836,1.3983045062908554e-08,0.0006535763379248466,0.01765435716721346
4062,3,0.001705709552985098,0.0018715374205254297,0.6940776376788588,0.0529903619800488,0.16502973269631416,8.298267525784626e-08,0.01460949217734194,0.06971544551125058
4064,6,0.0006874287816498448,0.0004666212178232285,0.0001114572414424803,6.332012014746469e-07,2.117530808722265e-05,0.9986533536953457,3.43263597581344e-05,2.5004194691919287e-05
4065,7,4.651693876095073e-06,0.00012737953759804537,0.005583321150718688,0.06076998511609048,0.0026930914441952673,2.4320794910845902e-08,0.9294614984911325,0.0013600482455942042
4067,3,0.000278944709952171,0.00025693521774356956,0.8565884870041964,0.016254592066591637,0.0897336308706484,3.800171861160859e-10,0.001271129944968798,0.0356162798058818
4075,7,0.002632044165968331,0.20798896755577764,0.012445985356933082,0.049984373149595265,0.036133763314309265,3.284609900906753e-05,0.6892143244322467,0.0015676959261606512
4079,3,0.001112879985329545,0.0006533311206346191,0.9254471552328442,0.011960876917950579,0.04932257653983524,2.678004677804225e-08,0.002564428515406288,0.008938724907952837
4082,7,1.8900558971324794e-07,5.9952107645369955e-06,0.0007669239750729026,0.028063035978184582,0.0006306201372013618,3.880326067670269e-09,0.9702687690167769,0.00026446279608383663
4086,3,0.0002695867413007697,0.00015313313767197705,0.9631399092608042,0.006045497606085661,0.01720565141778373,1.0499285615327031e-09,0.00046294000087093766,0.012723280785554071
4090,3,4.2847477649732495e-05,0.00011089669596015117,0.879019618137736,0.026155917520952046,0.06777756315784274,2.3713024808489357e-10,0.0033020526288317013,0.023591104143897538
4091,7,1.2814119874271996e-05,0.0004998482291984996,0.022985998983100796,0.0386173010016371,0.004957937885534822,6.833854110813355e-08,0.9316484426930343,0.0012775887490790003
4092,6,0.009137931119322703,0.04680480236947798,0.0033706647909477775,5.0023028731252104e-05,0.001143352742804269,0.9356599359065896,0.0033878528935013725,0.00044543714862509506
4100,6,0.035673168945384075,0.0022966043223595516,0.00016237687397199877,1.4297228782023954e-06,0.0010499604942056013,0.9606220487125204,5.635601042955376e-05,0.00013805491825054106
4105,3,0.007297303799868537,0.007800127199412451,0.9300607558695166,0.008259041059121957,0.013036477825161446,4.840460514788963e-06,0.02905755430233565,0.004483899484068474
4115,3,0.00018360588697290215,0.0001254210222934979,0.9327526272370285,0.009535569733828651,0.03962246883728113,2.9943340253099255e-09,0.00152071115265798,0.01625959313560337
4123,3,0.0004593702480519665,0.00034719668283572343,0.9563547094865538,0.0053087845684753705,0.029916490836797482,5.2413749605896845e-09,0.0022608174828116358,0.005352625453099079
4127,4,6.685091852962341e-05,0.00039427675304740746,0.1260996078102299,0.44560565727387086,0.13402956120765122,2.895032628489756e-08,0.25917871439787554,0.03462530268846904
4136,3,8.44119077881077e-05,0.0001416984927456929,0.9362026955521944,0.006833326479909457,0.03890262818601476,7.730717626470742e-09,0.008510330380339647,0.009324901270290474
4144,5,0.004421402875512733,0.0006258090566105106,0.31354142209690433,0.01493721985032479,0.510526605560454,3.0912729286651963e-09,0.0007498631696121282,0.15519767429930856
4152,3,0.0003239768177374475,0.0010650000410222624,0.7798251474258745,0.022046048494216743,0.06519856015022005,3.609796417189051e-07,0.11892681652548555,0.012614089565801805
4155,3,0.034364896858874436,0.0012542430699536027,0.47126449721088487,0.001975831397751113,0.3966173604234697,1.073169536552045e-09,5.526179350034259e-05,0.09446790817239656
4156,2,0.00012806684655114717,0.798796080669643,0.00011497623066772664,0.006915056823345661,0.002257376803821995,2.2290736356531324e-05,0.19175211098732692,1.4040902287005429e-05
4157,3,0.0004084761949900703,0.0006675540034022689,0.7864443671231225,0.044156985357634404,0.11106157931714225,9.870531686691106e-09,0.01298786980546149,0.04427315832771533
4160,3,6.004396208700322e-05,0.0003395195348503647,0.8978880479610589,0.02470041463754739,0.03273909056725337,6.721965546646697e-09,0.031649407620230184,0.012623468995007332
4161,6,0.0005106360276404344,0.010644119220757284,0.001818766126622812,8.720293576672686e-06,5.54987212289563e-05,0.9854263234523197,0.0013718904074634301,0.00016404575039058233
4164,3,0.0020932039682744086,0.0007801776562098982,0.9609943073117394,0.0032761232855143133,0.016535628503837718,2.021160451956866e-09,0.00020282285794301537,0.016117734395320785
4165,3,0.0008511405498468741,0.0013483997930193432,0.8167539027548858,0.028932525860649864,0.11549270451635764,1.519237136390858e-08,0.012740424992723744,0.023880886340145267
4173,3,0.00025462140395699726,0.0013856177455628233,0.7708902628944064,0.020086041814014723,0.018096871465537196,4.0932635742657775e-07,0.18544252375189083,0.003843651598273632
4175,3,6.871282691563573e-05,0.00021250234542493032,0.8976925671203907,0.05147078921481385,0.028275871471771064,8.442277496402954e-10,0.0038301571980456127,0.01844939897841041
4178,2,0.0106885152258454,0.9563551500897902,0.0010662673545280598,0.0003432560395422208,0.00553033449003236,0.01390169177846417,0.010608913948919453,0.0015058710728781267
4181,3,0.002712746142731641,0.001065540107593383,0.9687665504055053,0.0010615024066086172,0.018818567681992634,3.478499099269016e-07,0.003218743922726629,0.004356001482931772
4182,4,9.729545771641864e-06,0.0003960992206084583,0.04050096512964049,0.8958979166081628,0.004255285865906739,1.3737326221275537e-09,0.04950075274778612,0.00943924950839135
4183,3,4.567112464926368e-05,0.00020636037698712782,0.9497082322402868,0.015085719905036453,0.020968267582885496,8.504188888268466e-10,0.006839042333010128,0.007146705586725781
4194,3,0.00044973423946112717,0.000266245420686348,0.9524457431416311,0.006464081075291288,0.024897742456373422,2.7412821997923464e-09,0.0008372800485262961,0.014639170876748138
4197,3,0.0004171195945546132,0.0010350656272186103,0.6053163680530171,0.04329299274413125,0.2801867495450409,2.733725672214262e-10,0.005727176156374979,0.0640245280062898
4198,6,0.0011938117778267704,0.02118552114555178,0.0025250316911568857,2.0244790141913674e-05,0.00017271455098918638,0.9725193679410891,0.0020328574659712276,0.00035045063727314873
4204,6,0.014872414785664121,0.061473353726032895,0.0033383059968182488,4.814054854915157e-05,0.0007994203799088298,0.9126875641355174,0.006020074270260368,0.0007607261572489495
4206,3,0.0004945668108523996,0.0013922794457376785,0.5348488396334724,0.15506119876644758,0.1451054390596205,2.115541964816847e-10,0.0022601115398997278,0.16083756453241546
4207,3,0.076007201322412,0.009861116235534938,0.6196169984815906,0.0015195567195292856,0.17841603811796863,2.3542279985270137e-08,0.0002799523434719173,0.1142991132372126
4218,3,0.0008613324141083107,0.0005369771111861351,0.8187982184979464,0.01843471681882369,0.11685365074993254,9.250542976912775e-09,0.0046720010515233935,0.03984309410593648
4221,7,1.5365580069342625e-07,6.428394274322026e-06,0.0008233798995538061,0.04500023041015243,0.00034552690029081024,4.118234481432701e-09,0.9535257558581756,0.00029852076351805334
4222,7,1.2442719315546243e-05,0.000227942491371441,0.013426452664538728,0.024385187899571805,0.008519994343541523,1.0571714993303407e-07,0.950707903083996,0.0027199710805147523
4225,3,0.0003057407353970468,0.00018893155254748545,0.9306497983561919,0.017913910157269355,0.031405359074002846,3.2848666640711796e-09,0.0011990978331811045,0.018337159006543837
4237,3,0.0041914918051223675,0.0008840585411226871,0.42220357434736505,0.01876538563681323,0.3496268970667769,1.032680143627552e-10,0.0001861523031238275,0.20414244019640784
4243,6,0.0037469303548123482,0.013162989561851713,0.0014056073539926576,8.856949188849264e-06,0.00023669499420211516,0.9797946350649139,0.0013701361994748204,0.00027414952156331685
4246,4,1.848725999851436e-05,0.0005442926127900962,0.060293713718392115,0.9169886941249216,0.004936637725579943,3.246483017933119e-10,0.006285477134122304,0.010932697099547254
4249,3,0.00018120402027471758,0.0007537875252638786,0.7985494250819827,0.12139690914277664,0.04067109733343497,1.6879154954201281e-09,0.0076185108772509665,0.03082906433110086
4250,6,0.0006482838999609958,0.0006879064004409469,0.0002089400515816397,1.0135058188385002e-06,1.788742983608971e-05,0.9983569791120037,5.397294439930709e-05,2.5016655958562034e-05
4252,3,0.00013329277285589213,0.0003918201754742104,0.7971049057613585,0.01109188405065231,0.1308506502669686,2.6041820258699057e-08,0.03659061410924759,0.02383680682162274
4253,3,0.0006712585789957744,0.00031209333369318766,0.9192855047626408,0.008908345639563203,0.0404837430922163,1.7926777858709474e-09,0.000652708884350279,0.02968634391586274
4264,3,0.0007988770924321637,0.0002046729285884967,0.9672319113476903,0.0018687490317354798,0.022591166605121872,9.8160317803151e-09,0.0005500877309166258,0.006754525447483333
4274,2,9.621176023526557e-05,0.9478824498117774,0.00047147006838525935,0.0019395680187661924,0.0009476229076794092,0.000812554926300691,0.047702479600138785,0.00014764290671700486
4276,7,1.13727815245705e-06,0.00014613470001601468,0.02723235597688852,0.15507441869992902,0.00998906286710408,5.572212069013864e-09,0.8048280721977209,0.0027288127079769177
4278,3,0.0006623243788004021,0.00039938069949821436,0.9857446434351472,0.001152727036531031,0.007920516439144487,5.467100874770293e-08,0.0019513307570398616,0.002169022582829878
4286,3,0.034027875349849905,0.014896496795435133,0.8878333498343677,0.0007541855279701828,0.04695559561069162,3.7441653941848676e-06,0.006447197172249134,0.00908155554404225
4288,3,0.00031864925999555043,0.00019233024749625417,0.9609922461348066,0.00471506116467388,0.017557340034669962,1.3509423112805515e-10,0.0002961744225886245,0.015928198600675084
4294,2,5.663937241833272e-06,0.9943023426532028,1.5631717988468668e-06,0.0007272309279560352,0.00020017060670705477,3.7601684961096333e-06,0.00475837046314929,8.980714480757239e-07
4296,3,0.008671501804795423,0.001837286451585956,0.9355497879787482,0.004955764977565029,0.028150382381283107,3.0763648050432603e-08,0.00041889362574844464,0.02041635201662571
4298,3,3.986120277144225e-05,0.0005818270617390915,0.6887277540413783,0.22204658269541563,0.015887505605860934,1.0188183476325881e-08,0.058410043605813,0.014306415598838126
4309,7,3.652093422785781e-07,8.22574316392321e-06,0.005043359364539911,0.04531473281473998,0.0015866443522790554,1.5413677473175426e-08,0.9473167935938674,0.000729863508390027
4312,3,0.0005430321715800064,0.00027493088957562405,0.9438121208047547,0.011026193616419815,0.025394782157570028,1.8691421519455374e-09,0.0006456856722660764,0.018303252818691478
4314,3,0.0005286399462246558,0.003081369266342413,0.5527295360204846,0.03296257233965901,0.040152996223060254,4.400134333806842e-07,0.3622659461477516,0.0082785000430442
4319,3,0.0002536738076285155,0.0008164470640492376,0.7294546632334177,0.1456627475544365,0.057004067329717155,3.429663540825661e-10,0.002371080278918698,0.0644373203888659
4323,3,0.0687422781019085,0.11637594703641031,0.6588590759985591,0.0012136733744382792,0.0904256713742584,6.58819028309908e-05,0.05279651561957749,0.011520956592017025
4324,3,0.002746638390545802,0.0005328363641882135,0.9303541292033689,0.002728171883664287,0.050058872039368096,8.43705476773106e-09,0.0006334135997618809,0.012945930082048147
4326,7,2.2492439721266435e-06,0.00014150718018638908,0.0008478732200061931,0.03359482347635125,0.000512088131039067,5.4431576284421644e-08,0.9646902476119974,0.00021115670487139386
4327,6,0.0032931758588916537,0.012681035588283499,0.0011941938176594311,1.1511410903885018e-05,0.00026888573134080596,0.9815839965714277,0.0007228986732745375,0.00024430234821849425
4328,7,0.00022873689948531235,0.00264040880806787,0.08049652930804221,0.010020445210076867,0.012629473822985201,5.644209291583593e-07,0.8929467571639653,0.0010370843664480433
4331,2,0.010968294608942638,0.9039139574510718,0.0023398595659505565,0.00024240770408839732,0.005048200409690792,0.061516252950506466,0.0141706441876113,0.0018003831221380059
4332,3,0.0014651181575076103,0.0010043986103490004,0.9227037236576255,0.03719570924333853,0.02427082742417856,1.6839478727654264e-08,0.001495950549350138,0.0118642555181719
4336,4,1.822748795250129e-05,0.0009434855032023261,0.25634877466525696,0.41470399224067306,0.012996173341497814,2.7738828146567277e-09,0.30562635337617083,0.00936299061136367
4340,3,0.0005324862298619435,0.0013373853293398485,0.9146851009586976,0.05784961179283115,0.009097630552483806,1.578335254162545e-08,0.011612717692956893,0.004885051660476117
4342,3,0.04423008973031222,0.005545784733675385,0.880617130992047,0.0003016789169121088,0.056053260473712854,6.926614401823735e-07,0.0005458160482891305,0.01270554644361114
4345,3,7.796480238030428e-05,0.00020276017050917464,0.8950954760861912,0.010049218250990468,0.06660604333789147,2.819830654423094e-09,0.011710690882477805,0.016257843649728904
4346,3,3.615367309599552e-05,7.586844870895224e-05,0.8571544039955509,0.014051626581619453,0.09766340904185748,2.2520437160548275e-09,0.010105508233177655,0.020913027773946172
4350,3,0.0009879654019326483,0.00024337298421325162,0.9578618674668837,0.004308318801776309,0.02025174144153388,5.171332664929236e-10,0.00014275838307114107,0.016203975003455693
4351,3,0.002323770747660573,0.0005377031169316827,0.964675655930566,0.0009754274784616817,0.026144715632747388,7.536788851519059e-08,0.001637709761555749,0.0037049419641882624
4354,6,0.1743377997663273,0.14931566717640668,0.007931584549958766,9.870761036642311e-05,0.010072614142558963,0.6451219695637325,0.010968758904530862,0.0021528982861186256
4356,6,0.2201159832362618,0.0012413343407248164,0.00029093839801828546,1.8693717736016151e-06,0.003083177628323547,0.7748564864960777,0.0001043672472921357,0.0003058432815281851
4361,4,1.3005877019966109e-05,8.737516785627125e-05,0.009894544447350082,0.8163960393227095,0.003928848427744755,2.279330453355436e-08,0.16574704378700458,0.003933120177010231
4369,3,0.0004545994620636812,0.0003512943820860604,0.9654571970427748,0.0023523814128818404,0.02177252144497517,9.417909734279452e-08,0.0071692055754650425,0.002442706500656096
4375,3,0.0003162033036741061,0.0003287648257212808,0.8700695749328756,0.026841548190331663,0.05880095121755887,6.555603742593809e-10,0.0013619341662962196,0.042281022707981876
4390,3,0.0013723435773195004,0.0005797692898709681,0.9873541510447138,0.0006122970501982098,0.005918147783053831,2.2789853700541488e-07,0.001925341654318901,0.00223772170198793
4394,7,6.328502866742682e-08,2.8623342159368026e-06,0.00020737372329042664,0.009837462752505442,0.0002279172330478394,1.5835758611739535e-09,0.9896211412148974,0.00010317787343850062
4402,7,2.260215999593237e-06,0.00031627595565597257,0.00023480712692847095,0.012528924230628425,0.00037339512666120653,4.0881237604807174e-08,0.9864875407308034,5.675573208555738e-05
4405,3,0.0013308653239556994,0.0005190278697167474,0.8102127000262851,0.03215900119905846,0.08216475286589695,2.8929788494457904e-09,0.000703045276985396,0.07291060454512295
4407,3,0.0009988511958519209,0.0004328000715919821,0.9808778472663644,0.0011030136024318383,0.00882462865788247,1.487526550298177e-08,0.00043391493172897943,0.007328929398883036
4409,6,0.13775229694894647,0.20639805102309003,0.00532142613927645,0.00012768926728332487,0.011969642044058102,0.6258510365810682,0.010565121607875124,0.0020147363884022635
4414,6,0.005496640569569527,0.002603189280836292,0.00030589972836937127,2.9611598921672656e-06,0.00018439488027251492,0.9911968363547816,0.00012819065531275903,8.188737096551529e-05
4415,4,0.00022814415302542756,0.001587149129132376,0.06507607470814321,0.7764670700144396,0.01808304186674153,2.0376040547949018e-08,0.1096039504511249,0.028954549301352488
4420,2,6.917201087244678e-05,0.9708740598740773,6.283447359565377e-05,0.003643244935530232,0.0017511221303634006,7.609624673682121e-05,0.023490154967194584,3.3315361629741894e-05
4424,3,0.00016377807105213453,0.0001951602123947125,0.9841958212982539,0.002092886161758079,0.009029737200305046,1.098704322924404e-09,0.0010812435133598535,0.0032413724441718032
4427,3,0.002715951087644839,0.0005523496168577453,0.984635289919219,0.000530482328030182,0.006074659043855103,5.245466996464302e-08,0.00015690423658834248,0.0053343113131348405
4433,3,0.0007124119470951445,0.00022421623147717942,0.958839836387428,0.006557275190763958,0.0194264077944237,1.161409942357011e-09,0.0002388032677326653,0.014001048019669315
4440,7,1.2504054650359353e-06,2.945183894158897e-05,0.008982279494464987,0.21995211340748555,0.0022326307937452204,1.3049097512193173e-08,0.7667085027132509,0.0020937582975492476
4447,7,1.255402691975549e-05,0.00020054854623366254,0.1756657807707655,0.015237734160945857,0.170899361528373,3.401723870911831e-08,0.6321740619375903,0.005809925011933188
4448,3,0.00665507139018216,0.0009952389221135117,0.9340580549652207,0.0018266177699346167,0.035710944206040686,8.253362696304024e-09,0.00025203723610000656,0.02050202725704576
4449,3,0.0006156162164823512,0.000557325941611034,0.9511368252371958,0.009003100567003567,0.02829993198493259,2.6847481234018983e-09,0.0016370773499969748,0.0087501200180294
4450,4,4.054431563985707e-05,4.6487526554388156e-05,0.005991928876487872,0.8762189903359365,0.007819499758854782,8.075594954264124e-08,0.10460986222898266,0.005272606201594158
4452,6,0.008244534636835447,0.0006685115113618824,0.00011289778704384881,1.1042857285766283e-06,0.00011856391031425419,0.990784032754236,3.238626160436409e-05,3.796885287564612e-05
4457,3,0.007230965204318964,0.0014311759606833807,0.9721696655074201,0.00039487184760828064,0.006194689861453691,3.2889627335810105e-08,7.632604176119112e-05,0.012502272687126906
4459,3,7.766104783805204e-05,0.00017687404628716745,0.9480238357113461,0.008710222746670576,0.029814517286189033,2.1022362806560948e-09,0.005547874175538534,0.0076490128838942
4460,3,0.0013140723001139904,0.00037820449194301664,0.9595835994723012,0.0030329111718560993,0.029201870391865736,1.174153456448831e-08,0.001080885588357815,0.005408444842027626
4464,3,0.00014671422349860777,0.0002901838161147188,0.9107583596833336,0.018116337337254325,0.052434857898442475,1.5737173368349673e-09,0.00409406826835824,0.014159477199280601
4472,6,0.0034901827684443183,0.016968605518890206,0.0009300131007556379,9.838403347558388e-06,0.00046218611853612683,0.9770910262344047,0.0008052565620713852,0.00024289129355011278
4473,3,0.00012428892114223192,0.0004194902490975318,0.9389438277071188,0.02418831044352414,0.019784571099110165,9.274165384712831e-10,0.008541907743535134,0.007997602909055303
4489,3,0.005364904307552441,0.0021824231032764405,0.9591519934342401,0.00031236311025863584,0.02507222770360688,6.558968891638677e-07,0.004397082381879679,0.003518350062296701
4493,3,4.869223244238205e-05,0.0003836991496442176,0.8258118697664227,0.04444585918417738,0.09185845015533887,8.52033765288481e-10,0.021885386548305522,0.015566042111634969
4498,6,0.0007309085049148877,0.0010432319025033237,0.00020732643698368494,1.524170328056792e-06,2.70143341570698e-05,0.9978674805106448,9.25204211525835e-05,2.999371931580483e-05
4502,3,0.00011172031791324695,0.0002606422494640525,0.950207793380117,0.014984208589975198,0.019832377225837968,3.889169571735858e-09,0.004436343234946225,0.010166911112576843
4504,6,0.027275042178831362,0.0011642980433385734,0.0001415807283224406,1.3738909237005497e-06,0.0005926114511600043,0.9706793475742312,5.0708616328850995e-05,9.503751686376879e-05
4510,3,0.0004705564775525289,0.00042088078368337736,0.9574659252310869,0.004829504213939639,0.02723008199448177,3.701328403878061e-08,0.004901973299674,0.00468104098629778
4525,6,0.024890966655000093,0.0019353730406662713,0.00018366579506697188,2.2632850805073233e-06,0.00043806918977911367,0.9723600387303972,9.57480018870308e-05,9.387530212281825e-05
4528,7,4.0622632901538285e-06,0.000156905053781626,0.013957066214788288,0.16944898751917425,0.008161362652662383,5.393083809536973e-09,0.8041373863651252,0.004134224538094173
4532,3,0.00293314597714833,0.0004981357820362405,0.8490311727727659,0.00908835437083179,0.09124228836392236,5.330873787344025e-10,0.00019560564787950946,0.047011296552328476
4535,1,0.6102007899566274,0.16174740879950086,0.006937344894691136,0.00012734815269887183,0.0951467279523729,0.10187098901965022,0.01839372295945499,0.005575668265003564
4537,7,0.002032203794581802,0.01869684481891023,0.07905568220097461,0.07522209821293353,0.002221585056904161,1.5710799260424345e-05,0.8217313687096828,0.0010245064067525213
4541,3,0.008884450784288057,0.0014734680664344746,0.9724831421269847,0.0011299708492692765,0.007353076289470494,1.998573068923851e-07,0.0001793182357801376,0.008496373790465894
4542,6,0.003197610379003669,0.0024481700453912914,0.0003349094730024164,1.511148773763308e-06,0.00012980635115355236,0.9936476753629321,0.00014852020999986753,9.179702974351694e-05
4548,3,0.0038962476323593192,0.0012373952411681988,0.9522376727606895,0.0018341838023246994,0.022679842319713008,4.7824562875335904e-08,0.0006979573348691942,0.01741665308431322
4555,2,0.03791189261769538,0.4001309293339732,0.03260170448767054,0.004011421023704392,0.34315421749454234,0.00015917622345248167,0.17584539591460754,0.006185262904354047
4556,3,7.275061229165941e-05,0.00016079071197897896,0.9352306816573306,0.010307693321535508,0.04275517482812402,3.9258774564913724e-10,0.0031474407335320416,0.008325467742619554
4568,3,0.009132907444365826,0.01077834667822222,0.8122861810165017,0.02488528003505637,0.016581815082129248,1.4838895799349625e-05,0.1217714406993771,0.00454919014854818
4570,7,0.00020501903528003724,0.0003552848458462562,0.06352360857106884,0.043287480840770526,0.040975602446658814,3.2314864932267976e-06,0.8443240493805386,0.007325723393343635
4575,3,9.420981944469239e-05,0.00010677089237323524,0.8354738787171079,0.032245283507628675,0.08799127299382654,1.978587224096004e-10,0.0015951206629840771,0.042493463208776325
4579,1,0.7068379557437247,0.0821772009406459,0.14278076196395129,0.00010822588277076418,0.038656258663582445,0.0006972669978609115,0.021568147479670667,0.007174182327793453
4584,3,9.244899250703791e-05,0.0003129798489499178,0.9124436503668205,0.04090741698109522,0.020067436040952707,2.1042464805785987e-10,0.0014787940703401429,0.024697273488909578
4590,3,0.0005485452668708053,0.00018617576574149702,0.9793107858599815,0.002331076357348517,0.0058798062739836765,1.1191668524743034e-09,8.210379993268744e-05,0.011661505556974323
4592,3,0.00035599249442376296,0.00039493140274741355,0.9725896224110546,0.011206030235011809,0.00363716947003523,1.9865594925208757e-09,0.0003185439114387736,0.011497708088728844
4598,3,0.0020117116693946866,0.0003027133339698414,0.8900657360900803,0.0007758290302051123,0.07772535852711605,2.905764105742082e-10,9.539661745649524e-05,0.029023254441200984
4603,7,0.009094171293689479,0.08744581116750164,0.13210186598163137,0.005379990877748415,0.05512555317024803,5.457166936787259e-05,0.7088179166669843,0.001980119172828857
4607,3,0.0002854960634840558,0.0009421202427411091,0.9063173033850221,0.036220000073906036,0.02239200196981163,4.798542811160933e-08,0.02368307322590798,0.010159957053698812
4612,3,0.0024878356737903164,0.0012770112781326746,0.9577934782575528,0.0010065131268957794,0.028515959698319333,6.101681188836136e-07,0.005797673272145474,0.0031209185250448065
4615,6,0.006192648327281054,0.020981109096426996,0.0016124848670881736,2.5166461504144974e-05,0.0005339418777792781,0.9692492087494509,0.0011444417442850097,0.0002609988761844312
4616,7,6.334288321262915e-05,0.0008973103261291965,0.10653087658658615,0.07765864050062192,0.035171848762142424,8.049576017686081e-08,0.7719234143715208,0.007754486074026807
4619,7,9.238897591286893e-05,0.0014748554799385472,0.026859113034192382,0.05978025170800417,0.012889511726888712,4.937304312782735e-07,0.8948681713721307,0.004035213972501228
4621,7,0.00030741401142461364,0.003840629573363158,0.08816302600656128,0.01282020579967337,0.03529898918814458,1.0430677635057042e-06,0.8556379244216709,0.003930767931398438
4629,3,0.0002179979273945623,0.00024003991419236146,0.957817886990239,0.013159266223964166,0.014173681589720254,5.698300978974075e-10,0.0006704284987605927,0.013720698285899141
4630,6,0.009471029932624902,0.001276949462073779,0.0001608281643378461,1.088115258490281e-06,0.00019707584250748997,0.9887373834969073,7.616604162721204e-05,7.947894466302009e-05
4634,6,0.02070185167414345,0.001878874572953023,0.00010802302414926072,1.1356446069967073e-06,0.0005794103922418791,0.9765612359797833,6.34111639950006e-05,0.00010605754812710584
4636,3,6.171639493722312e-05,0.00016208702479761234,0.8998221282687817,0.03892875168566724,0.03496683662005213,5.488702320059061e-10,0.0025110602342955294,0.02354741922259828
4650,3,0.00018452680452642122,0.0004189100349542962,0.9162124780845751,0.011108520039667688,0.04868993799121971,1.465208565233821e-08,0.011939146864913989,0.011446465528057092
4654,6,0.03264784210035174,0.0008176681322422824,0.0001086714468762566,9.470592084877782e-07,0.0004111749434324231,0.9658731390282849,6.665852078175488e-05,7.389876882218448e-05
4656,3,0.00023698136019154024,0.0005782878440066036,0.9189716037087357,0.004420736943506822,0.03004315876975206,1.2506242135536074e-07,0.04254861886501695,0.0032004874463689307
4664,3,0.0009644351914302742,0.001539095921600365,0.9419852602932461,0.033042234162416376,0.007035758879218376,5.6193897539754114e-08,0.011495070161538511,0.003938089196652438
4670,1,0.5709564079451936,0.028314665308737434,0.3518236111116603,0.00010159680539776907,0.026122670568378567,0.00013851420328733123,0.0042074225465150925,0.01833511151082985
4676,3,0.0014701969298703118,0.0005520917546688837,0.9671516849246596,0.003715182544707378,0.012724103757718193,3.916151321663464e-09,0.00021985104625657018,0.014166885125967654
4678,7,2.2751522300323206e-05,0.0025376418065361332,0.0007673327742096749,0.0055253669615980125,0.0025078297877770355,2.518524113135378e-07,0.9885093596307027,0.00012946566446472
4686,3,0.036548646259700654,0.008652585910927883,0.9438602583334458,0.0003523023007743598,0.005672478102780721,7.465394782562277e-06,0.0005628692472060633,0.0043433944503819865
4687,5,0.027800508118993927,0.0018863927544672666,0.13119740975551222,0.00010842511695838607,0.82690601060626,1.1651360942976319e-07,0.0011035247343031025,0.01099761239989563
4690,3,0.0023855405901568737,0.0010611801040686663,0.9836364860105652,0.0011854229606354026,0.00352204502330177,3.68919902820158e-08,0.0002395215033514133,0.007969766915930425
4691,3,0.00018495556881195302,0.0002591378833427071,0.921116015431319,0.012816539328324382,0.041053367810959134,1.1874952866708113e-08,0.005894268358011239,0.01867570374427863
4694,2,0.1965266848506329,0.4834803350902903,0.006158959293956361,0.00015459444922738584,0.03333930431091875,0.2600691178590211,0.015790419082795396,0.004480585063157937
4696,6,0.00791728296507087,0.0015203649242564279,0.00017078397575625304,1.4611440292327052e-06,0.0002352148444211946,0.990010143458338,6.26694837647905e-05,8.20792043631003e-05
4701,7,0.0013223102646511792,0.005499976887023641,0.24412421129445414,0.012229028500530243,0.023052635117137524,3.1016749124643154e-06,0.7122387726617506,0.0015299635995401392
4704,4,2.7030608283180702e-05,0.00037590557289456875,0.1837706469655155,0.5781038892177867,0.044679303418407784,1.1873969303132609e-08,0.1706959795370323,0.0223472328061108
4707,7,1.1027792660640465e-06,6.267855637932878e-05,0.0012683281756881836,0.025505600515720598,0.0015109493227126627,5.302242162227877e-09,0.9710229764364601,0.0006283589115306473
4722,7,3.845180373674591e-07,8.403214770616531e-06,0.001202189266671464,0.03848821612340705,0.0009913545005110053,7.723786067196133e-09,0.9589716126943051,0.00033783195851122343
4726,1,0.9142239534426372,0.015868351336286744,0.004533783691699129,1.8427636534572232e-05,0.04079595157668606,0.01926328405878946,0.002363850531194502,0.002932397726172221
4730,5,0.005611363085382308,0.0011828886563267638,0.451003649458444,0.001275246835106541,0.5244348572533111,4.4050509902402274e-08,0.004925821348185691,0.01156612931273386
4735,6,0.20981999912637925,0.01812780515363343,0.0019279227857275675,1.222010750584039e-05,0.01258011018157097,0.7547996269600458,0.0010484375295050543,0.0016838781556321083
4737,7,8.539306220906839e-07,1.387367996241283e-05,0.0013648380943807245,0.04197131423819038,0.002381178273966836,8.773986721480604e-09,0.9534657047680475,0.0008022282408432513
4745,3,0.0024659330059416933,0.0003473250205055637,0.49985102630998646,0.010850700567937575,0.40706533474678436,1.189539676485286e-09,0.0006836333260059,0.0787360458332989
4747,3,9.085323811550537e-05,0.00011261702955015546,0.9751937496983064,0.005774543668355099,0.013078979025211351,9.086689426510155e-10,0.0015672015731828595,0.0041820548586097295
4753,3,0.0001425682319569249,0.00015763011741250303,0.9793280456095642,0.006397155143650656,0.00928223531077759,7.068633029477072e-10,0.0008743095047202424,0.0038180553750546426
4757,3,0.00023631116656893433,0.0002528071562236355,0.9800803234688719,0.0034972802072576865,0.011219306181383495,4.7043945855795655e-09,0.001939361208166297,0.0027746059071334767
4762,2,0.10272147835444127,0.8015065024130285,0.01516293643966348,0.0007049601100749184,0.026554938765618628,0.011166429150219941,0.03451990392049118,0.007662850846462198
4766,3,0.012048825155896404,0.0015183270647809025,0.9199752797747971,0.0012165771681568636,0.03734323096000666,5.624443958354929e-09,9.11031715723523e-05,0.027806651080345784
4772,6,0.00282987869794863,0.0006200515025966914,0.00012670434461427998,8.273262388947962e-07,5.115163366793205e-05,0.9962926425323041,4.6449343345034074e-05,3.2294619284481985e-05
4786,3,0.0002038855001775175,0.0003070927188756309,0.962861799451621,0.009881343625122139,0.01860058914795125,1.2819457598934513e-09,0.0019671763986098883,0.006178111875696765
4792,6,0.0012995400130204292,0.05497161359449078,0.005042597599362118,5.134236893743409e-05,0.0002524762561899676,0.9329325384262084,0.005076658435690684,0.00037323330610033924
4796,5,0.0016107558728873268,0.0014558825002132314,0.4291850431986827,0.007413260561782343,0.465686967278705,2.806651516813364e-07,0.07570101750175724,0.018946792420820282
